physician_id,physician_specialty,physician_state,payment_date,payment_amount,payment_type,paying_company
PHY00025,Neurology,OH,2025-08-02,1226.25,Speaker Fee,BioGen Solutions
PHY00228,Rheumatology,OH,2024-04-20,50.95,Royalty,NovaHealth Inc
PHY00111,Psychiatry,MI,2025-01-03,22.0,Research Payment,NovaHealth Inc
PHY00180,Endocrinology,CA,2024-10-08,880.9,Speaker Fee,BioGen Solutions
PHY00440,Endocrinology,MI,2024-11-10,252.96,Consulting Fee,Acme Pharma
PHY00150,Psychiatry,TX,2024-10-03,285.1,Royalty,NovaHealth Inc
PHY00112,General Practice,IL,2025-05-30,637.13,Royalty,NovaHealth Inc
PHY00369,Endocrinology,NY,2025-08-28,291.27,Royalty,BioGen Solutions
PHY00062,General Practice,IL,2025-03-16,344.87,Speaker Fee,BioGen Solutions
PHY00173,Endocrinology,NC,2024-10-26,2079.19,Research Payment,NovaHealth Inc
PHY00410,Rheumatology,NY,2024-04-27,82.14,Meal,Acme Pharma
PHY00140,Cardiology,NY,2025-07-12,526.55,Consulting Fee,NovaHealth Inc
PHY00142,Cardiology,CA,2024-11-15,248.52,Meal,Acme Pharma
PHY00491,Psychiatry,MI,2024-09-15,85.56,Consulting Fee,NovaHealth Inc
PHY00178,Endocrinology,GA,2024-01-10,2687.62,Speaker Fee,Acme Pharma
PHY00168,General Practice,TX,2025-10-03,2645.96,Meal,Acme Pharma
PHY00319,General Practice,IL,2025-09-04,4306.38,Travel & Lodging,NovaHealth Inc
PHY00095,Rheumatology,CA,2025-08-03,118.48,Royalty,MedCore Ltd
PHY00236,Neurology,GA,2024-11-29,132.94,Consulting Fee,MedCore Ltd
PHY00320,Rheumatology,FL,2025-07-25,55.14,Research Payment,MedCore Ltd
PHY00267,Neurology,GA,2024-08-16,136.3,Research Payment,Acme Pharma
PHY00005,Endocrinology,TX,2025-01-13,145.61,Royalty,NovaHealth Inc
PHY00062,General Practice,IL,2024-05-11,654.78,Speaker Fee,MedCore Ltd
PHY00328,General Practice,MI,2024-10-21,31.54,Royalty,MedCore Ltd
PHY00179,Cardiology,NY,2025-09-28,864.29,Consulting Fee,Acme Pharma
PHY00145,Psychiatry,NY,2024-08-12,88.92,Speaker Fee,NovaHealth Inc
PHY00309,Psychiatry,GA,2025-09-07,327.15,Royalty,NovaHealth Inc
PHY00067,Neurology,NY,2025-01-25,38.99,Travel & Lodging,MedCore Ltd
PHY00042,General Practice,TX,2025-03-23,1895.03,Travel & Lodging,MedCore Ltd
PHY00157,General Practice,GA,2025-07-03,235.38,Consulting Fee,Acme Pharma
PHY00485,Pulmonology,PA,2025-02-14,1497.76,Travel & Lodging,NovaHealth Inc
PHY00353,Cardiology,IL,2024-04-27,396.41,Royalty,Acme Pharma
PHY00159,Cardiology,MI,2024-08-15,3672.54,Research Payment,MedCore Ltd
PHY00261,Cardiology,NY,2024-06-05,79.81,Meal,MedCore Ltd
PHY00173,Endocrinology,NC,2024-05-09,252.83,Meal,MedCore Ltd
PHY00282,Neurology,PA,2024-10-09,208.07,Research Payment,MedCore Ltd
PHY00011,Endocrinology,GA,2024-09-10,300.28,Speaker Fee,NovaHealth Inc
PHY00363,Cardiology,MI,2025-01-30,666.93,Speaker Fee,Acme Pharma
PHY00104,Neurology,PA,2024-07-28,191.83,Meal,BioGen Solutions
PHY00460,Endocrinology,NC,2024-12-21,258.86,Meal,Acme Pharma
PHY00376,Neurology,OH,2024-05-06,330.4,Speaker Fee,Acme Pharma
PHY00051,General Practice,MI,2024-01-29,62.32,Royalty,MedCore Ltd
PHY00297,Rheumatology,NY,2025-12-26,115.25,Meal,NovaHealth Inc
PHY00471,Pulmonology,GA,2024-01-01,135.03,Royalty,BioGen Solutions
PHY00371,Neurology,CA,2025-10-22,1308.45,Speaker Fee,MedCore Ltd
PHY00313,Neurology,NC,2024-04-26,106.86,Speaker Fee,Acme Pharma
PHY00291,Cardiology,NC,2025-07-28,864.49,Royalty,NovaHealth Inc
PHY00391,Endocrinology,IL,2024-07-28,181.85,Travel & Lodging,NovaHealth Inc
PHY00347,Endocrinology,NY,2025-06-12,143.71,Travel & Lodging,BioGen Solutions
PHY00182,General Practice,FL,2025-10-25,270.21,Consulting Fee,BioGen Solutions
PHY00180,Endocrinology,CA,2025-12-10,103.34,Speaker Fee,MedCore Ltd
PHY00370,General Practice,FL,2025-04-13,725.65,Consulting Fee,BioGen Solutions
PHY00337,Pulmonology,TX,2024-03-24,3759.28,Royalty,MedCore Ltd
PHY00063,Pulmonology,OH,2025-12-01,34.63,Consulting Fee,BioGen Solutions
PHY00257,General Practice,PA,2024-05-20,47.69,Travel & Lodging,NovaHealth Inc
PHY00032,Cardiology,GA,2025-10-31,24.69,Research Payment,Acme Pharma
PHY00429,Cardiology,OH,2025-04-21,5344.98,Speaker Fee,Acme Pharma
PHY00078,Neurology,OH,2025-01-05,64.81,Speaker Fee,NovaHealth Inc
PHY00476,Psychiatry,TX,2024-04-22,1091.49,Meal,Acme Pharma
PHY00264,Cardiology,TX,2024-02-24,20.33,Travel & Lodging,MedCore Ltd
PHY00266,Oncology,FL,2025-04-02,264.11,Consulting Fee,BioGen Solutions
PHY00055,General Practice,MI,2025-04-20,766.49,Speaker Fee,BioGen Solutions
PHY00349,Psychiatry,IL,2024-01-08,581.73,Research Payment,MedCore Ltd
PHY00054,Neurology,FL,2024-08-26,63.13,Research Payment,BioGen Solutions
PHY00051,General Practice,MI,2025-08-31,1919.83,Travel & Lodging,MedCore Ltd
PHY00088,Cardiology,MI,2024-03-18,415.37,Royalty,BioGen Solutions
PHY00400,Cardiology,TX,2025-03-27,32.08,Speaker Fee,BioGen Solutions
PHY00330,Psychiatry,TX,2025-11-03,83.04,Research Payment,BioGen Solutions
PHY00112,General Practice,IL,2025-01-15,363.72,Speaker Fee,NovaHealth Inc
PHY00385,Pulmonology,PA,2025-12-09,695.07,Meal,BioGen Solutions
PHY00234,Neurology,PA,2025-01-20,164.81,Meal,Acme Pharma
PHY00293,Cardiology,CA,2024-09-12,217.85,Royalty,Acme Pharma
PHY00226,Oncology,IL,2024-02-22,315.2,Royalty,MedCore Ltd
PHY00280,Oncology,MI,2025-08-15,217.88,Speaker Fee,NovaHealth Inc
PHY00120,Pulmonology,PA,2024-02-28,280.64,Consulting Fee,NovaHealth Inc
PHY00115,General Practice,CA,2024-07-27,293.06,Royalty,Acme Pharma
PHY00040,Endocrinology,NY,2024-08-24,47.94,Royalty,BioGen Solutions
PHY00494,Rheumatology,CA,2024-01-04,139.31,Speaker Fee,NovaHealth Inc
PHY00029,Psychiatry,NY,2024-04-18,919.32,Royalty,NovaHealth Inc
PHY00128,Cardiology,MI,2024-02-11,974.29,Meal,Acme Pharma
PHY00422,Oncology,TX,2024-02-03,2715.38,Speaker Fee,MedCore Ltd
PHY00087,Rheumatology,MI,2025-09-20,578.89,Speaker Fee,NovaHealth Inc
PHY00469,Pulmonology,NY,2024-01-27,1710.67,Consulting Fee,Acme Pharma
PHY00455,Pulmonology,CA,2025-11-15,1610.97,Consulting Fee,NovaHealth Inc
PHY00469,Pulmonology,NY,2025-04-20,148.05,Speaker Fee,MedCore Ltd
PHY00310,Rheumatology,MI,2024-12-28,1402.36,Consulting Fee,BioGen Solutions
PHY00181,Pulmonology,NY,2024-10-18,186.79,Meal,Acme Pharma
PHY00187,Oncology,OH,2024-08-14,1042.22,Royalty,NovaHealth Inc
PHY00055,General Practice,MI,2025-09-14,29.79,Meal,BioGen Solutions
PHY00227,Pulmonology,NY,2024-08-31,210.89,Travel & Lodging,Acme Pharma
PHY00446,Endocrinology,MI,2025-05-21,32.22,Speaker Fee,NovaHealth Inc
PHY00073,Cardiology,NY,2025-12-13,799.95,Consulting Fee,Acme Pharma
PHY00217,Neurology,IL,2024-03-01,115.31,Travel & Lodging,BioGen Solutions
PHY00498,Neurology,NC,2024-08-16,2153.69,Meal,MedCore Ltd
PHY00435,Neurology,GA,2025-04-22,798.61,Consulting Fee,Acme Pharma
PHY00017,Neurology,MI,2024-11-25,119.9,Consulting Fee,BioGen Solutions
PHY00497,Endocrinology,MI,2024-01-12,877.86,Research Payment,Acme Pharma
PHY00215,Endocrinology,IL,2025-04-29,282.46,Royalty,MedCore Ltd
PHY00198,Neurology,NC,2024-07-18,224.93,Travel & Lodging,NovaHealth Inc
PHY00489,Cardiology,OH,2025-06-21,33.34,Speaker Fee,MedCore Ltd
PHY00199,Pulmonology,PA,2025-02-04,338.96,Speaker Fee,BioGen Solutions
PHY00270,Endocrinology,CA,2024-11-30,52.87,Research Payment,BioGen Solutions
PHY00137,Cardiology,FL,2025-11-18,193.41,Research Payment,NovaHealth Inc
PHY00223,Rheumatology,MI,2025-01-06,76.97,Travel & Lodging,NovaHealth Inc
PHY00443,Cardiology,IL,2025-05-04,1233.27,Travel & Lodging,MedCore Ltd
PHY00188,General Practice,IL,2024-04-07,1160.83,Travel & Lodging,Acme Pharma
PHY00171,Psychiatry,NC,2024-07-01,1384.38,Consulting Fee,MedCore Ltd
PHY00349,Psychiatry,IL,2025-01-31,24.89,Speaker Fee,Acme Pharma
PHY00016,Pulmonology,TX,2025-05-07,48.46,Travel & Lodging,NovaHealth Inc
PHY00034,Oncology,OH,2025-02-17,494.03,Travel & Lodging,BioGen Solutions
PHY00269,General Practice,OH,2024-05-20,527.99,Travel & Lodging,BioGen Solutions
PHY00302,Cardiology,PA,2024-01-29,199.08,Royalty,Acme Pharma
PHY00477,Cardiology,MI,2024-11-13,3860.99,Meal,BioGen Solutions
PHY00377,Neurology,MI,2024-09-22,158.32,Royalty,Acme Pharma
PHY00359,Cardiology,IL,2024-12-05,85.87,Travel & Lodging,Acme Pharma
PHY00142,Cardiology,CA,2025-01-10,634.22,Royalty,NovaHealth Inc
PHY00324,Oncology,NY,2024-05-25,24.04,Meal,MedCore Ltd
PHY00187,Oncology,OH,2024-03-01,57.46,Research Payment,BioGen Solutions
PHY00380,Cardiology,PA,2025-12-10,663.71,Speaker Fee,Acme Pharma
PHY00199,Pulmonology,PA,2025-07-17,313.92,Meal,BioGen Solutions
PHY00072,Oncology,MI,2025-10-21,138.15,Travel & Lodging,Acme Pharma
PHY00366,General Practice,IL,2024-11-25,501.08,Travel & Lodging,NovaHealth Inc
PHY00313,Neurology,NC,2024-08-05,429.35,Royalty,BioGen Solutions
PHY00215,Endocrinology,IL,2025-11-19,450.26,Consulting Fee,BioGen Solutions
PHY00020,Endocrinology,CA,2025-07-26,278.77,Speaker Fee,NovaHealth Inc
PHY00145,Psychiatry,NY,2024-08-03,31.48,Travel & Lodging,MedCore Ltd
PHY00227,Pulmonology,NY,2024-04-29,16.53,Travel & Lodging,MedCore Ltd
PHY00029,Psychiatry,NY,2025-10-10,85.28,Travel & Lodging,Acme Pharma
PHY00226,Oncology,IL,2024-11-27,225.24,Consulting Fee,Acme Pharma
PHY00395,Endocrinology,PA,2024-08-13,195.37,Meal,BioGen Solutions
PHY00038,Cardiology,CA,2024-11-23,184.46,Speaker Fee,NovaHealth Inc
PHY00037,Neurology,FL,2024-11-11,276.6,Research Payment,MedCore Ltd
PHY00453,Rheumatology,MI,2025-08-15,727.05,Travel & Lodging,MedCore Ltd
PHY00040,Endocrinology,NY,2024-02-09,255.46,Travel & Lodging,Acme Pharma
PHY00237,Rheumatology,MI,2024-10-15,326.37,Meal,Acme Pharma
PHY00059,Endocrinology,CA,2025-07-24,353.07,Consulting Fee,Acme Pharma
PHY00363,Cardiology,MI,2025-07-10,880.08,Travel & Lodging,NovaHealth Inc
PHY00188,General Practice,IL,2024-01-07,995.41,Research Payment,BioGen Solutions
PHY00045,Neurology,PA,2024-01-31,200.23,Travel & Lodging,Acme Pharma
PHY00158,Oncology,MI,2025-07-04,291.8,Speaker Fee,MedCore Ltd
PHY00258,Rheumatology,OH,2025-12-18,92.49,Speaker Fee,MedCore Ltd
PHY00013,Endocrinology,TX,2024-02-15,688.64,Travel & Lodging,Acme Pharma
PHY00233,Neurology,CA,2024-01-17,174.21,Research Payment,BioGen Solutions
PHY00496,General Practice,PA,2024-11-21,84.91,Travel & Lodging,NovaHealth Inc
PHY00455,Pulmonology,CA,2025-08-08,1016.04,Meal,MedCore Ltd
PHY00335,Rheumatology,PA,2024-08-09,184.27,Research Payment,Acme Pharma
PHY00278,Rheumatology,IL,2024-07-14,455.94,Meal,BioGen Solutions
PHY00192,Endocrinology,NC,2024-01-17,115.62,Meal,NovaHealth Inc
PHY00401,Psychiatry,NY,2025-12-05,121.04,Travel & Lodging,BioGen Solutions
PHY00436,Psychiatry,NC,2025-01-15,2423.49,Meal,BioGen Solutions
PHY00029,Psychiatry,NY,2024-02-02,209.09,Travel & Lodging,BioGen Solutions
PHY00058,Cardiology,IL,2025-06-21,21.28,Speaker Fee,NovaHealth Inc
PHY00226,Oncology,IL,2024-10-11,272.26,Research Payment,Acme Pharma
PHY00075,Pulmonology,GA,2024-05-09,991.38,Royalty,MedCore Ltd
PHY00022,Pulmonology,CA,2025-04-03,187.37,Research Payment,BioGen Solutions
PHY00464,Cardiology,MI,2024-03-24,61.78,Royalty,BioGen Solutions
PHY00441,Cardiology,NY,2025-03-28,231.67,Meal,NovaHealth Inc
PHY00015,Psychiatry,OH,2024-06-10,327.67,Research Payment,BioGen Solutions
PHY00320,Rheumatology,FL,2025-06-07,60.59,Travel & Lodging,MedCore Ltd
PHY00060,Pulmonology,GA,2025-03-05,5307.46,Consulting Fee,Acme Pharma
PHY00093,Oncology,GA,2024-11-04,202.27,Speaker Fee,MedCore Ltd
PHY00199,Pulmonology,PA,2025-01-21,58.91,Research Payment,MedCore Ltd
PHY00428,Neurology,OH,2025-11-23,201.55,Royalty,NovaHealth Inc
PHY00455,Pulmonology,CA,2024-09-29,48.93,Royalty,MedCore Ltd
PHY00340,Neurology,MI,2025-06-04,233.18,Royalty,NovaHealth Inc
PHY00117,Cardiology,OH,2025-01-20,43.95,Travel & Lodging,MedCore Ltd
PHY00205,Neurology,NC,2025-12-21,142.2,Royalty,MedCore Ltd
PHY00011,Endocrinology,GA,2024-10-27,13.35,Consulting Fee,Acme Pharma
PHY00102,Oncology,NY,2025-02-28,237.69,Consulting Fee,Acme Pharma
PHY00076,Oncology,NY,2024-02-15,123.32,Royalty,NovaHealth Inc
PHY00092,Neurology,NC,2025-10-21,1012.42,Speaker Fee,MedCore Ltd
PHY00353,Cardiology,IL,2024-01-02,110.74,Consulting Fee,Acme Pharma
PHY00233,Neurology,CA,2025-08-11,197.39,Speaker Fee,NovaHealth Inc
PHY00359,Cardiology,IL,2024-03-30,101.67,Royalty,NovaHealth Inc
PHY00498,Neurology,NC,2024-05-22,135.35,Consulting Fee,MedCore Ltd
PHY00459,Endocrinology,NC,2024-11-12,143.45,Travel & Lodging,BioGen Solutions
PHY00390,Cardiology,IL,2024-01-09,2152.48,Speaker Fee,MedCore Ltd
PHY00318,Cardiology,CA,2024-03-24,375.97,Royalty,BioGen Solutions
PHY00251,Rheumatology,OH,2025-01-17,1189.01,Speaker Fee,BioGen Solutions
PHY00003,Pulmonology,CA,2024-05-06,310.17,Consulting Fee,MedCore Ltd
PHY00362,Cardiology,MI,2024-01-14,111.98,Research Payment,BioGen Solutions
PHY00122,Pulmonology,FL,2024-05-26,136.91,Royalty,MedCore Ltd
PHY00173,Endocrinology,NC,2025-09-22,124.51,Meal,NovaHealth Inc
PHY00454,Rheumatology,TX,2025-12-23,221.8,Royalty,Acme Pharma
PHY00352,Cardiology,CA,2024-11-07,256.11,Speaker Fee,BioGen Solutions
PHY00035,Rheumatology,NC,2025-03-20,282.6,Research Payment,NovaHealth Inc
PHY00447,Endocrinology,PA,2024-07-25,179.67,Royalty,Acme Pharma
PHY00159,Cardiology,MI,2024-01-24,33.04,Meal,Acme Pharma
PHY00004,General Practice,NY,2024-12-29,253.23,Speaker Fee,Acme Pharma
PHY00435,Neurology,GA,2025-08-30,1629.91,Consulting Fee,MedCore Ltd
PHY00250,Endocrinology,CA,2024-04-26,1607.52,Speaker Fee,MedCore Ltd
PHY00262,Rheumatology,OH,2024-10-21,38.39,Speaker Fee,BioGen Solutions
PHY00371,Neurology,CA,2024-07-04,1439.21,Consulting Fee,BioGen Solutions
PHY00282,Neurology,PA,2025-06-03,1281.91,Meal,MedCore Ltd
PHY00478,Psychiatry,GA,2025-08-21,46.4,Speaker Fee,BioGen Solutions
PHY00293,Cardiology,CA,2025-07-06,1384.61,Royalty,NovaHealth Inc
PHY00316,Psychiatry,CA,2025-01-15,617.72,Consulting Fee,MedCore Ltd
PHY00130,Neurology,GA,2024-05-24,8.02,Travel & Lodging,Acme Pharma
PHY00028,Oncology,MI,2024-03-06,1920.07,Meal,Acme Pharma
PHY00407,Rheumatology,GA,2024-10-29,1548.64,Travel & Lodging,NovaHealth Inc
PHY00195,General Practice,CA,2025-09-21,268.32,Speaker Fee,MedCore Ltd
PHY00350,General Practice,OH,2024-12-26,52.48,Consulting Fee,Acme Pharma
PHY00276,Neurology,CA,2025-11-13,51.63,Travel & Lodging,Acme Pharma
PHY00175,Psychiatry,MI,2024-07-22,39.84,Research Payment,Acme Pharma
PHY00497,Endocrinology,MI,2025-09-23,378.11,Royalty,MedCore Ltd
PHY00251,Rheumatology,OH,2024-11-29,1162.68,Speaker Fee,Acme Pharma
PHY00293,Cardiology,CA,2024-01-20,292.66,Travel & Lodging,NovaHealth Inc
PHY00485,Pulmonology,PA,2024-02-28,137.94,Research Payment,Acme Pharma
PHY00497,Endocrinology,MI,2025-11-21,734.8,Travel & Lodging,NovaHealth Inc
PHY00407,Rheumatology,GA,2025-03-03,370.85,Royalty,MedCore Ltd
PHY00151,Endocrinology,NY,2025-01-18,264.18,Speaker Fee,Acme Pharma
PHY00129,Neurology,CA,2025-10-30,282.79,Royalty,Acme Pharma
PHY00495,Pulmonology,OH,2024-03-26,643.06,Speaker Fee,BioGen Solutions
PHY00458,Psychiatry,MI,2025-02-17,56.67,Speaker Fee,NovaHealth Inc
PHY00145,Psychiatry,NY,2025-06-21,311.47,Meal,BioGen Solutions
PHY00328,General Practice,MI,2024-12-10,863.32,Royalty,MedCore Ltd
PHY00289,Cardiology,NC,2024-01-01,526.62,Research Payment,MedCore Ltd
PHY00069,Neurology,GA,2024-12-26,62.08,Speaker Fee,NovaHealth Inc
PHY00220,General Practice,OH,2025-12-04,817.43,Consulting Fee,Acme Pharma
PHY00077,Neurology,MI,2024-06-07,180.76,Consulting Fee,BioGen Solutions
PHY00324,Oncology,NY,2025-09-01,32.4,Royalty,BioGen Solutions
PHY00454,Rheumatology,TX,2025-04-26,79.8,Speaker Fee,Acme Pharma
PHY00489,Cardiology,OH,2024-10-05,1150.22,Royalty,NovaHealth Inc
PHY00455,Pulmonology,CA,2025-08-23,178.81,Research Payment,BioGen Solutions
PHY00065,General Practice,PA,2024-03-16,998.14,Travel & Lodging,MedCore Ltd
PHY00093,Oncology,GA,2025-04-17,2790.65,Consulting Fee,Acme Pharma
PHY00224,Neurology,OH,2025-05-11,170.1,Travel & Lodging,BioGen Solutions
PHY00456,Endocrinology,MI,2025-09-13,234.71,Royalty,NovaHealth Inc
PHY00450,Rheumatology,CA,2024-01-03,516.4,Speaker Fee,NovaHealth Inc
PHY00412,Psychiatry,IL,2025-09-20,262.46,Research Payment,NovaHealth Inc
PHY00153,Cardiology,NY,2024-01-12,272.47,Meal,MedCore Ltd
PHY00271,Rheumatology,NY,2024-02-12,59.28,Royalty,NovaHealth Inc
PHY00498,Neurology,NC,2024-12-29,608.33,Consulting Fee,MedCore Ltd
PHY00203,General Practice,NC,2024-02-20,342.9,Meal,Acme Pharma
PHY00141,Psychiatry,CA,2025-04-14,139.75,Meal,MedCore Ltd
PHY00373,Oncology,GA,2025-07-17,146.53,Royalty,BioGen Solutions
PHY00157,General Practice,GA,2024-06-04,24.67,Meal,NovaHealth Inc
PHY00146,General Practice,CA,2024-01-02,393.94,Consulting Fee,Acme Pharma
PHY00132,Pulmonology,FL,2024-03-30,208.28,Meal,NovaHealth Inc
PHY00039,Cardiology,GA,2024-06-07,202.13,Consulting Fee,NovaHealth Inc
PHY00445,Neurology,TX,2024-10-24,205.9,Royalty,BioGen Solutions
PHY00310,Rheumatology,MI,2025-01-19,636.16,Meal,MedCore Ltd
PHY00173,Endocrinology,NC,2024-12-27,329.31,Meal,Acme Pharma
PHY00026,Rheumatology,MI,2025-06-04,3642.94,Speaker Fee,MedCore Ltd
PHY00378,Cardiology,MI,2025-09-24,55.0,Research Payment,MedCore Ltd
PHY00050,Rheumatology,MI,2025-10-25,106.54,Travel & Lodging,MedCore Ltd
PHY00060,Pulmonology,GA,2024-06-15,109.05,Meal,NovaHealth Inc
PHY00481,Neurology,NY,2025-03-14,341.99,Speaker Fee,Acme Pharma
PHY00175,Psychiatry,MI,2025-07-14,523.5,Research Payment,Acme Pharma
PHY00150,Psychiatry,TX,2025-03-07,402.04,Research Payment,BioGen Solutions
PHY00419,Psychiatry,FL,2025-03-30,38.69,Royalty,Acme Pharma
PHY00441,Cardiology,NY,2024-09-10,337.41,Consulting Fee,NovaHealth Inc
PHY00320,Rheumatology,FL,2024-09-19,93.28,Royalty,Acme Pharma
PHY00167,Psychiatry,IL,2025-04-03,1749.25,Meal,NovaHealth Inc
PHY00019,Psychiatry,MI,2025-08-02,484.34,Research Payment,NovaHealth Inc
PHY00036,Pulmonology,FL,2024-12-18,1726.89,Meal,BioGen Solutions
PHY00073,Cardiology,NY,2025-10-09,43.61,Meal,Acme Pharma
PHY00049,Rheumatology,PA,2025-10-03,56.45,Meal,Acme Pharma
PHY00428,Neurology,OH,2025-06-22,48.69,Speaker Fee,BioGen Solutions
PHY00300,Psychiatry,MI,2025-01-15,657.75,Speaker Fee,BioGen Solutions
PHY00342,Neurology,PA,2024-05-09,1820.9,Royalty,MedCore Ltd
PHY00264,Cardiology,TX,2025-10-23,404.57,Meal,NovaHealth Inc
PHY00036,Pulmonology,FL,2025-03-28,467.08,Consulting Fee,BioGen Solutions
PHY00208,Neurology,NY,2025-09-09,81.06,Royalty,NovaHealth Inc
PHY00121,Psychiatry,IL,2024-02-24,101.23,Meal,MedCore Ltd
PHY00468,Cardiology,CA,2025-05-29,1078.48,Royalty,Acme Pharma
PHY00279,Cardiology,PA,2024-12-13,691.17,Consulting Fee,Acme Pharma
PHY00286,Endocrinology,NY,2024-05-28,612.11,Meal,NovaHealth Inc
PHY00406,Neurology,CA,2025-03-31,129.94,Meal,NovaHealth Inc
PHY00500,Neurology,FL,2025-05-23,377.67,Royalty,MedCore Ltd
PHY00481,Neurology,NY,2025-10-24,95.28,Research Payment,NovaHealth Inc
PHY00475,Endocrinology,GA,2025-03-24,49.53,Travel & Lodging,BioGen Solutions
PHY00180,Endocrinology,CA,2025-12-02,3251.57,Royalty,BioGen Solutions
PHY00406,Neurology,CA,2024-05-22,62.94,Royalty,MedCore Ltd
PHY00101,General Practice,MI,2024-08-31,269.94,Travel & Lodging,NovaHealth Inc
PHY00216,Pulmonology,FL,2025-10-31,217.31,Royalty,NovaHealth Inc
PHY00067,Neurology,NY,2024-01-07,133.15,Research Payment,BioGen Solutions
PHY00066,Oncology,FL,2024-05-09,184.26,Travel & Lodging,NovaHealth Inc
PHY00206,Pulmonology,OH,2024-09-22,186.76,Royalty,Acme Pharma
PHY00164,Neurology,OH,2024-04-04,310.16,Royalty,Acme Pharma
PHY00110,General Practice,MI,2024-12-01,112.11,Travel & Lodging,BioGen Solutions
PHY00425,Psychiatry,TX,2024-01-25,462.03,Research Payment,Acme Pharma
PHY00482,Rheumatology,OH,2025-01-26,765.83,Meal,Acme Pharma
PHY00444,Psychiatry,IL,2024-01-12,4.19,Meal,Acme Pharma
PHY00031,Pulmonology,NC,2025-06-15,79.27,Royalty,MedCore Ltd
PHY00349,Psychiatry,IL,2024-02-12,205.84,Royalty,NovaHealth Inc
PHY00060,Pulmonology,GA,2025-10-24,189.4,Speaker Fee,NovaHealth Inc
PHY00267,Neurology,GA,2025-11-20,1463.92,Research Payment,BioGen Solutions
PHY00056,Neurology,PA,2025-04-07,117.2,Meal,Acme Pharma
PHY00260,Endocrinology,MI,2025-09-06,170.21,Consulting Fee,Acme Pharma
PHY00359,Cardiology,IL,2025-01-14,764.69,Meal,NovaHealth Inc
PHY00231,Rheumatology,MI,2025-11-20,41.19,Research Payment,MedCore Ltd
PHY00191,General Practice,OH,2025-07-27,53.12,Travel & Lodging,MedCore Ltd
PHY00470,Neurology,FL,2025-06-09,1229.65,Research Payment,Acme Pharma
PHY00086,Endocrinology,CA,2025-10-06,236.07,Travel & Lodging,Acme Pharma
PHY00246,Rheumatology,GA,2025-08-13,198.51,Research Payment,NovaHealth Inc
PHY00471,Pulmonology,GA,2025-02-26,38.89,Speaker Fee,NovaHealth Inc
PHY00493,Cardiology,NC,2024-07-31,845.18,Research Payment,NovaHealth Inc
PHY00485,Pulmonology,PA,2024-06-21,211.28,Consulting Fee,MedCore Ltd
PHY00395,Endocrinology,PA,2025-12-03,145.16,Research Payment,MedCore Ltd
PHY00256,Endocrinology,NY,2024-07-01,153.31,Speaker Fee,MedCore Ltd
PHY00227,Pulmonology,NY,2025-03-11,475.61,Research Payment,NovaHealth Inc
PHY00042,General Practice,TX,2024-01-21,347.14,Consulting Fee,Acme Pharma
PHY00130,Neurology,GA,2025-07-25,101.82,Research Payment,Acme Pharma
PHY00010,Oncology,NY,2024-08-29,3257.68,Speaker Fee,MedCore Ltd
PHY00443,Cardiology,IL,2025-12-26,118.29,Consulting Fee,BioGen Solutions
PHY00401,Psychiatry,NY,2024-06-21,424.95,Consulting Fee,BioGen Solutions
PHY00101,General Practice,MI,2024-01-08,108.5,Research Payment,MedCore Ltd
PHY00087,Rheumatology,MI,2024-02-12,908.4,Travel & Lodging,MedCore Ltd
PHY00017,Neurology,MI,2025-10-06,488.06,Meal,Acme Pharma
PHY00232,Neurology,MI,2024-12-31,67.22,Research Payment,NovaHealth Inc
PHY00352,Cardiology,CA,2025-06-03,28.95,Speaker Fee,NovaHealth Inc
PHY00111,Psychiatry,MI,2025-01-02,507.02,Speaker Fee,BioGen Solutions
PHY00434,Psychiatry,FL,2025-07-14,1180.14,Meal,NovaHealth Inc
PHY00324,Oncology,NY,2025-08-12,776.38,Speaker Fee,Acme Pharma
PHY00164,Neurology,OH,2025-10-13,229.65,Travel & Lodging,MedCore Ltd
PHY00258,Rheumatology,OH,2025-01-08,663.78,Meal,NovaHealth Inc
PHY00011,Endocrinology,GA,2025-06-05,236.7,Consulting Fee,MedCore Ltd
PHY00402,Neurology,TX,2024-07-01,183.78,Royalty,MedCore Ltd
PHY00473,Endocrinology,MI,2025-09-17,96.08,Royalty,MedCore Ltd
PHY00414,Cardiology,MI,2025-12-25,231.58,Consulting Fee,MedCore Ltd
PHY00405,Psychiatry,PA,2024-05-01,2840.06,Royalty,BioGen Solutions
PHY00039,Cardiology,GA,2025-05-11,351.71,Research Payment,Acme Pharma
PHY00149,Cardiology,MI,2025-09-29,33.41,Royalty,MedCore Ltd
PHY00238,Rheumatology,NC,2025-10-08,943.65,Consulting Fee,NovaHealth Inc
PHY00348,Neurology,CA,2025-04-10,93.76,Speaker Fee,Acme Pharma
PHY00213,Pulmonology,NC,2025-04-07,58.25,Meal,Acme Pharma
PHY00278,Rheumatology,IL,2025-11-13,233.3,Research Payment,Acme Pharma
PHY00353,Cardiology,IL,2025-11-26,87.3,Research Payment,NovaHealth Inc
PHY00295,Oncology,PA,2024-04-17,327.92,Consulting Fee,MedCore Ltd
PHY00229,Cardiology,TX,2024-04-20,313.41,Consulting Fee,MedCore Ltd
PHY00261,Cardiology,NY,2025-05-29,57.62,Consulting Fee,MedCore Ltd
PHY00104,Neurology,PA,2025-04-27,1147.77,Travel & Lodging,Acme Pharma
PHY00010,Oncology,NY,2025-02-08,147.32,Royalty,BioGen Solutions
PHY00219,Psychiatry,NC,2024-03-06,1028.6,Meal,MedCore Ltd
PHY00086,Endocrinology,CA,2024-08-21,117.71,Speaker Fee,NovaHealth Inc
PHY00054,Neurology,FL,2024-01-12,95.4,Speaker Fee,Acme Pharma
PHY00377,Neurology,MI,2024-01-20,532.69,Travel & Lodging,MedCore Ltd
PHY00243,Neurology,IL,2024-03-10,91.78,Meal,NovaHealth Inc
PHY00024,Psychiatry,PA,2024-08-14,19.83,Speaker Fee,Acme Pharma
PHY00230,Pulmonology,NC,2025-04-13,148.5,Consulting Fee,BioGen Solutions
PHY00071,Oncology,TX,2025-05-30,59.33,Research Payment,NovaHealth Inc
PHY00003,Pulmonology,CA,2025-12-28,187.98,Meal,MedCore Ltd
PHY00376,Neurology,OH,2025-06-19,167.3,Speaker Fee,NovaHealth Inc
PHY00082,Neurology,IL,2024-06-07,74.38,Research Payment,MedCore Ltd
PHY00030,Neurology,TX,2024-11-09,388.8,Royalty,Acme Pharma
PHY00415,Endocrinology,GA,2025-12-04,15.41,Royalty,BioGen Solutions
PHY00113,Psychiatry,OH,2024-07-01,381.26,Consulting Fee,NovaHealth Inc
PHY00319,General Practice,IL,2025-09-19,618.76,Royalty,Acme Pharma
PHY00161,General Practice,TX,2025-02-04,705.33,Royalty,MedCore Ltd
PHY00148,Endocrinology,GA,2024-02-16,186.46,Royalty,MedCore Ltd
PHY00075,Pulmonology,GA,2024-05-16,77.38,Speaker Fee,MedCore Ltd
PHY00325,Rheumatology,IL,2025-05-19,375.18,Travel & Lodging,Acme Pharma
PHY00107,Rheumatology,CA,2025-09-16,259.41,Royalty,NovaHealth Inc
PHY00118,Rheumatology,MI,2025-12-10,25.15,Research Payment,BioGen Solutions
PHY00426,Pulmonology,NY,2025-06-30,300.17,Royalty,NovaHealth Inc
PHY00499,Cardiology,CA,2025-08-03,157.18,Consulting Fee,Acme Pharma
PHY00074,Oncology,CA,2025-12-04,396.28,Research Payment,MedCore Ltd
PHY00070,Rheumatology,FL,2025-08-24,313.19,Speaker Fee,BioGen Solutions
PHY00129,Neurology,CA,2024-11-08,155.38,Meal,NovaHealth Inc
PHY00297,Rheumatology,NY,2024-06-30,140.16,Consulting Fee,BioGen Solutions
PHY00084,Psychiatry,NC,2025-10-25,161.53,Consulting Fee,MedCore Ltd
PHY00213,Pulmonology,NC,2025-02-11,216.98,Meal,BioGen Solutions
PHY00163,Psychiatry,NC,2024-08-07,191.63,Royalty,MedCore Ltd
PHY00394,Psychiatry,OH,2025-02-03,169.93,Research Payment,NovaHealth Inc
PHY00044,Psychiatry,OH,2024-08-15,1606.36,Travel & Lodging,MedCore Ltd
PHY00338,Endocrinology,CA,2024-09-06,23.63,Speaker Fee,Acme Pharma
PHY00475,Endocrinology,GA,2025-06-02,626.7,Royalty,BioGen Solutions
PHY00399,Psychiatry,TX,2025-11-02,329.14,Research Payment,NovaHealth Inc
PHY00154,Endocrinology,OH,2025-05-06,271.73,Royalty,Acme Pharma
PHY00165,Oncology,FL,2024-11-09,89.54,Consulting Fee,BioGen Solutions
PHY00371,Neurology,CA,2025-01-18,509.27,Meal,Acme Pharma
PHY00445,Neurology,TX,2025-02-28,91.13,Royalty,BioGen Solutions
PHY00289,Cardiology,NC,2025-08-15,200.94,Research Payment,Acme Pharma
PHY00354,Psychiatry,IL,2024-01-28,171.63,Royalty,Acme Pharma
PHY00017,Neurology,MI,2025-09-01,293.76,Royalty,NovaHealth Inc
PHY00198,Neurology,NC,2025-09-01,53.54,Speaker Fee,NovaHealth Inc
PHY00112,General Practice,IL,2024-02-26,228.24,Speaker Fee,NovaHealth Inc
PHY00098,Neurology,PA,2024-05-23,2046.39,Royalty,MedCore Ltd
PHY00344,Oncology,CA,2024-10-20,70.72,Meal,BioGen Solutions
PHY00138,Cardiology,GA,2025-09-02,112.71,Meal,NovaHealth Inc
PHY00383,Neurology,TX,2024-03-08,93.78,Royalty,MedCore Ltd
PHY00214,General Practice,FL,2025-10-16,360.57,Royalty,MedCore Ltd
PHY00092,Neurology,NC,2025-01-15,180.76,Consulting Fee,MedCore Ltd
PHY00058,Cardiology,IL,2024-01-26,2195.82,Royalty,BioGen Solutions
PHY00456,Endocrinology,MI,2024-02-13,2759.37,Consulting Fee,NovaHealth Inc
PHY00500,Neurology,FL,2024-08-14,350.2,Consulting Fee,BioGen Solutions
PHY00178,Endocrinology,GA,2025-03-02,99.27,Travel & Lodging,Acme Pharma
PHY00307,Neurology,FL,2025-05-18,1124.12,Research Payment,Acme Pharma
PHY00072,Oncology,MI,2025-07-20,104.71,Consulting Fee,BioGen Solutions
PHY00399,Psychiatry,TX,2024-08-25,56.66,Meal,NovaHealth Inc
PHY00268,Psychiatry,NC,2025-01-20,281.82,Travel & Lodging,Acme Pharma
PHY00259,Psychiatry,MI,2024-10-09,163.74,Research Payment,MedCore Ltd
PHY00380,Cardiology,PA,2025-11-18,150.75,Travel & Lodging,Acme Pharma
PHY00260,Endocrinology,MI,2024-12-31,251.91,Consulting Fee,BioGen Solutions
PHY00109,Rheumatology,IL,2025-06-16,1332.3,Royalty,Acme Pharma
PHY00162,Cardiology,NY,2024-09-16,86.98,Research Payment,Acme Pharma
PHY00131,Neurology,IL,2024-12-18,378.51,Meal,Acme Pharma
PHY00404,Cardiology,NC,2025-10-27,308.98,Research Payment,MedCore Ltd
PHY00477,Cardiology,MI,2024-09-21,160.16,Meal,NovaHealth Inc
PHY00434,Psychiatry,FL,2025-10-07,73.12,Travel & Lodging,NovaHealth Inc
PHY00431,Cardiology,GA,2024-12-29,960.88,Meal,Acme Pharma
PHY00213,Pulmonology,NC,2025-12-28,1160.25,Meal,NovaHealth Inc
PHY00474,Neurology,OH,2024-10-03,238.07,Meal,MedCore Ltd
PHY00218,Pulmonology,OH,2024-07-08,119.34,Speaker Fee,Acme Pharma
PHY00307,Neurology,FL,2024-12-03,1753.3,Speaker Fee,BioGen Solutions
PHY00441,Cardiology,NY,2024-10-05,39.56,Research Payment,MedCore Ltd
PHY00139,General Practice,TX,2024-10-15,1088.57,Meal,Acme Pharma
PHY00272,Psychiatry,NC,2024-03-06,80.82,Meal,MedCore Ltd
PHY00001,General Practice,IL,2025-10-01,447.91,Travel & Lodging,MedCore Ltd
PHY00442,Psychiatry,NY,2024-05-22,840.85,Royalty,MedCore Ltd
PHY00460,Endocrinology,NC,2025-02-04,50.4,Consulting Fee,BioGen Solutions
PHY00252,Cardiology,NC,2024-07-25,400.13,Travel & Lodging,BioGen Solutions
PHY00407,Rheumatology,GA,2025-03-18,183.18,Travel & Lodging,NovaHealth Inc
PHY00376,Neurology,OH,2025-07-11,923.8,Royalty,BioGen Solutions
PHY00147,Endocrinology,CA,2025-06-25,211.78,Royalty,BioGen Solutions
PHY00084,Psychiatry,NC,2024-10-07,150.39,Royalty,BioGen Solutions
PHY00150,Psychiatry,TX,2024-03-23,225.68,Royalty,BioGen Solutions
PHY00387,Endocrinology,NC,2025-03-01,673.24,Research Payment,BioGen Solutions
PHY00206,Pulmonology,OH,2024-03-03,443.3,Consulting Fee,BioGen Solutions
PHY00124,General Practice,FL,2025-01-09,3426.97,Meal,NovaHealth Inc
PHY00120,Pulmonology,PA,2025-03-12,463.33,Research Payment,MedCore Ltd
PHY00424,Endocrinology,IL,2025-04-09,25.48,Travel & Lodging,Acme Pharma
PHY00227,Pulmonology,NY,2024-11-29,171.48,Royalty,Acme Pharma
PHY00196,Oncology,CA,2024-03-08,58.11,Research Payment,NovaHealth Inc
PHY00369,Endocrinology,NY,2025-03-07,53.1,Royalty,MedCore Ltd
PHY00035,Rheumatology,NC,2025-07-29,373.93,Research Payment,Acme Pharma
PHY00304,Rheumatology,IL,2024-10-02,1302.18,Research Payment,BioGen Solutions
PHY00172,Pulmonology,IL,2024-07-19,336.36,Consulting Fee,NovaHealth Inc
PHY00216,Pulmonology,FL,2025-04-24,528.64,Consulting Fee,MedCore Ltd
PHY00301,Cardiology,GA,2024-12-08,27.88,Meal,NovaHealth Inc
PHY00047,Psychiatry,NC,2025-06-10,107.18,Consulting Fee,BioGen Solutions
PHY00026,Rheumatology,MI,2025-08-27,1364.58,Travel & Lodging,MedCore Ltd
PHY00311,Psychiatry,TX,2025-03-30,176.65,Meal,MedCore Ltd
PHY00260,Endocrinology,MI,2025-02-09,83.5,Travel & Lodging,BioGen Solutions
PHY00361,Neurology,IL,2025-08-06,80.07,Royalty,NovaHealth Inc
PHY00214,General Practice,FL,2025-10-26,644.11,Travel & Lodging,MedCore Ltd
PHY00362,Cardiology,MI,2025-03-24,313.33,Consulting Fee,Acme Pharma
PHY00109,Rheumatology,IL,2025-02-27,11.93,Meal,MedCore Ltd
PHY00177,Endocrinology,NC,2025-10-14,42.95,Research Payment,NovaHealth Inc
PHY00049,Rheumatology,PA,2024-10-28,136.73,Research Payment,Acme Pharma
PHY00433,Pulmonology,GA,2025-12-04,620.51,Royalty,NovaHealth Inc
PHY00363,Cardiology,MI,2025-01-16,661.95,Consulting Fee,Acme Pharma
PHY00017,Neurology,MI,2025-07-24,121.73,Consulting Fee,BioGen Solutions
PHY00397,Psychiatry,PA,2025-12-04,151.57,Consulting Fee,MedCore Ltd
PHY00108,Neurology,FL,2024-01-19,111.78,Meal,MedCore Ltd
PHY00456,Endocrinology,MI,2024-04-18,36.69,Research Payment,NovaHealth Inc
PHY00103,Oncology,IL,2024-09-06,716.26,Research Payment,MedCore Ltd
PHY00153,Cardiology,NY,2024-06-22,291.15,Speaker Fee,NovaHealth Inc
PHY00450,Rheumatology,CA,2024-11-19,117.01,Royalty,Acme Pharma
PHY00127,Oncology,NY,2025-02-23,84.29,Meal,MedCore Ltd
PHY00084,Psychiatry,NC,2024-04-22,169.31,Consulting Fee,MedCore Ltd
PHY00378,Cardiology,MI,2025-10-16,130.12,Research Payment,Acme Pharma
PHY00202,Psychiatry,FL,2025-03-25,1490.67,Travel & Lodging,BioGen Solutions
PHY00461,Oncology,PA,2024-09-22,62.24,Consulting Fee,Acme Pharma
PHY00039,Cardiology,GA,2025-06-23,246.7,Travel & Lodging,MedCore Ltd
PHY00454,Rheumatology,TX,2025-10-28,314.79,Travel & Lodging,MedCore Ltd
PHY00350,General Practice,OH,2024-10-22,1851.9,Speaker Fee,Acme Pharma
PHY00425,Psychiatry,TX,2024-09-24,209.72,Research Payment,BioGen Solutions
PHY00474,Neurology,OH,2024-12-22,25.58,Research Payment,NovaHealth Inc
PHY00049,Rheumatology,PA,2024-05-06,1117.5,Consulting Fee,NovaHealth Inc
PHY00284,General Practice,IL,2024-10-03,86.54,Royalty,BioGen Solutions
PHY00146,General Practice,CA,2025-02-23,58.42,Research Payment,NovaHealth Inc
PHY00122,Pulmonology,FL,2024-01-30,737.29,Meal,MedCore Ltd
PHY00354,Psychiatry,IL,2025-03-26,3391.37,Consulting Fee,BioGen Solutions
PHY00023,Oncology,NC,2024-12-25,46.79,Travel & Lodging,MedCore Ltd
PHY00160,Neurology,MI,2024-04-27,844.76,Speaker Fee,MedCore Ltd
PHY00156,Oncology,MI,2024-01-07,945.81,Meal,Acme Pharma
PHY00056,Neurology,PA,2024-07-11,203.29,Speaker Fee,MedCore Ltd
PHY00402,Neurology,TX,2025-02-22,410.22,Travel & Lodging,BioGen Solutions
PHY00479,Cardiology,NY,2025-04-19,32.46,Royalty,MedCore Ltd
PHY00325,Rheumatology,IL,2025-01-26,93.03,Speaker Fee,MedCore Ltd
PHY00116,Neurology,IL,2025-03-15,237.06,Meal,Acme Pharma
PHY00365,General Practice,CA,2025-03-09,342.47,Research Payment,NovaHealth Inc
PHY00376,Neurology,OH,2024-12-09,471.32,Meal,NovaHealth Inc
PHY00155,Pulmonology,CA,2025-03-05,246.58,Royalty,BioGen Solutions
PHY00448,Rheumatology,IL,2024-08-21,35.56,Research Payment,BioGen Solutions
PHY00245,General Practice,NY,2025-06-25,83.12,Speaker Fee,Acme Pharma
PHY00122,Pulmonology,FL,2024-05-04,45.4,Travel & Lodging,BioGen Solutions
PHY00134,Pulmonology,OH,2025-12-08,42.79,Speaker Fee,MedCore Ltd
PHY00201,General Practice,CA,2025-01-03,311.77,Royalty,MedCore Ltd
PHY00401,Psychiatry,NY,2024-04-18,96.21,Royalty,MedCore Ltd
PHY00069,Neurology,GA,2024-06-13,5764.71,Research Payment,NovaHealth Inc
PHY00309,Psychiatry,GA,2025-01-13,28.03,Travel & Lodging,BioGen Solutions
PHY00042,General Practice,TX,2024-12-19,95.07,Consulting Fee,Acme Pharma
PHY00430,Neurology,PA,2025-01-17,116.16,Meal,Acme Pharma
PHY00300,Psychiatry,MI,2024-05-18,22.76,Meal,BioGen Solutions
PHY00280,Oncology,MI,2025-09-28,600.34,Travel & Lodging,Acme Pharma
PHY00111,Psychiatry,MI,2024-05-18,521.79,Travel & Lodging,MedCore Ltd
PHY00338,Endocrinology,CA,2024-04-13,111.62,Royalty,Acme Pharma
PHY00152,Endocrinology,TX,2024-06-13,106.42,Research Payment,Acme Pharma
PHY00101,General Practice,MI,2024-06-12,422.41,Royalty,BioGen Solutions
PHY00064,Cardiology,FL,2024-03-31,331.79,Research Payment,BioGen Solutions
PHY00140,Cardiology,NY,2024-09-02,428.9,Research Payment,NovaHealth Inc
PHY00395,Endocrinology,PA,2025-05-01,337.97,Meal,Acme Pharma
PHY00046,Neurology,NY,2025-06-07,162.09,Royalty,Acme Pharma
PHY00371,Neurology,CA,2024-05-26,82.17,Meal,MedCore Ltd
PHY00070,Rheumatology,FL,2025-11-25,253.32,Speaker Fee,MedCore Ltd
PHY00102,Oncology,NY,2025-08-09,527.29,Travel & Lodging,BioGen Solutions
PHY00192,Endocrinology,NC,2025-05-13,102.48,Speaker Fee,Acme Pharma
PHY00179,Cardiology,NY,2024-03-22,3079.2,Meal,BioGen Solutions
PHY00365,General Practice,CA,2024-06-11,60.2,Consulting Fee,MedCore Ltd
PHY00116,Neurology,IL,2024-12-02,498.83,Royalty,Acme Pharma
PHY00287,Cardiology,NY,2025-12-20,7.18,Speaker Fee,MedCore Ltd
PHY00022,Pulmonology,CA,2024-12-14,3596.41,Research Payment,MedCore Ltd
PHY00204,Cardiology,NY,2024-07-12,425.0,Consulting Fee,MedCore Ltd
PHY00035,Rheumatology,NC,2025-11-26,1388.97,Travel & Lodging,BioGen Solutions
PHY00370,General Practice,FL,2024-09-20,289.78,Speaker Fee,Acme Pharma
PHY00488,Neurology,NC,2024-11-22,1044.32,Research Payment,Acme Pharma
PHY00232,Neurology,MI,2025-10-09,43.49,Research Payment,MedCore Ltd
PHY00128,Cardiology,MI,2024-07-19,493.44,Speaker Fee,BioGen Solutions
PHY00104,Neurology,PA,2025-06-18,419.72,Consulting Fee,NovaHealth Inc
PHY00430,Neurology,PA,2025-01-18,430.26,Royalty,MedCore Ltd
PHY00461,Oncology,PA,2025-11-15,26.39,Speaker Fee,Acme Pharma
PHY00061,Endocrinology,IL,2024-03-23,25.22,Consulting Fee,BioGen Solutions
PHY00162,Cardiology,NY,2025-01-14,316.07,Royalty,MedCore Ltd
PHY00322,Pulmonology,PA,2025-03-25,794.39,Meal,NovaHealth Inc
PHY00295,Oncology,PA,2025-03-26,1077.99,Royalty,MedCore Ltd
PHY00382,Rheumatology,NY,2025-07-20,175.2,Research Payment,BioGen Solutions
PHY00321,Psychiatry,NY,2024-08-20,523.24,Royalty,Acme Pharma
PHY00269,General Practice,OH,2025-06-16,150.24,Consulting Fee,NovaHealth Inc
PHY00031,Pulmonology,NC,2024-12-02,46.55,Royalty,NovaHealth Inc
PHY00010,Oncology,NY,2025-04-28,112.31,Speaker Fee,NovaHealth Inc
PHY00178,Endocrinology,GA,2025-02-15,307.02,Royalty,MedCore Ltd
PHY00053,Endocrinology,CA,2025-02-11,458.76,Meal,Acme Pharma
PHY00059,Endocrinology,CA,2025-04-15,30.39,Speaker Fee,MedCore Ltd
PHY00119,Psychiatry,MI,2024-10-16,365.87,Travel & Lodging,Acme Pharma
PHY00204,Cardiology,NY,2025-07-14,78.49,Consulting Fee,BioGen Solutions
PHY00241,Oncology,TX,2024-06-02,562.65,Consulting Fee,BioGen Solutions
PHY00088,Cardiology,MI,2025-01-24,1661.2,Research Payment,MedCore Ltd
PHY00377,Neurology,MI,2024-06-05,305.48,Speaker Fee,MedCore Ltd
PHY00452,Rheumatology,NC,2025-09-03,69.16,Speaker Fee,BioGen Solutions
PHY00307,Neurology,FL,2024-05-20,25.65,Meal,BioGen Solutions
PHY00421,Oncology,IL,2025-02-04,58.74,Speaker Fee,BioGen Solutions
PHY00218,Pulmonology,OH,2025-12-29,457.92,Research Payment,Acme Pharma
PHY00417,Pulmonology,MI,2025-06-19,91.86,Meal,BioGen Solutions
PHY00273,Psychiatry,CA,2025-03-27,68.96,Research Payment,MedCore Ltd
PHY00467,Psychiatry,GA,2025-12-23,871.47,Meal,Acme Pharma
PHY00298,General Practice,OH,2024-04-10,13.33,Consulting Fee,BioGen Solutions
PHY00303,Endocrinology,GA,2025-05-10,235.99,Speaker Fee,MedCore Ltd
PHY00462,Pulmonology,GA,2024-08-14,132.98,Consulting Fee,Acme Pharma
PHY00210,Pulmonology,IL,2025-01-31,204.93,Meal,BioGen Solutions
PHY00386,Psychiatry,IL,2025-06-11,750.35,Royalty,MedCore Ltd
PHY00470,Neurology,FL,2024-04-09,165.6,Research Payment,BioGen Solutions
PHY00173,Endocrinology,NC,2024-06-10,548.65,Meal,NovaHealth Inc
PHY00003,Pulmonology,CA,2024-01-28,200.88,Royalty,MedCore Ltd
PHY00428,Neurology,OH,2024-05-28,162.05,Consulting Fee,MedCore Ltd
PHY00021,Rheumatology,GA,2024-09-08,2585.4,Travel & Lodging,BioGen Solutions
PHY00013,Endocrinology,TX,2024-11-08,453.63,Research Payment,MedCore Ltd
PHY00303,Endocrinology,GA,2024-02-22,496.54,Speaker Fee,NovaHealth Inc
PHY00013,Endocrinology,TX,2025-11-07,302.41,Travel & Lodging,Acme Pharma
PHY00387,Endocrinology,NC,2024-04-20,270.1,Royalty,Acme Pharma
PHY00268,Psychiatry,NC,2024-06-30,732.77,Consulting Fee,MedCore Ltd
PHY00378,Cardiology,MI,2024-07-06,78.4,Speaker Fee,NovaHealth Inc
PHY00321,Psychiatry,NY,2024-04-28,577.36,Meal,NovaHealth Inc
PHY00460,Endocrinology,NC,2025-05-16,579.3,Research Payment,NovaHealth Inc
PHY00187,Oncology,OH,2024-06-23,183.97,Royalty,BioGen Solutions
PHY00480,Neurology,OH,2025-05-15,308.18,Consulting Fee,Acme Pharma
PHY00055,General Practice,MI,2025-06-02,55.32,Travel & Lodging,Acme Pharma
PHY00484,Rheumatology,MI,2025-10-08,42.05,Meal,BioGen Solutions
PHY00307,Neurology,FL,2025-04-01,1112.45,Consulting Fee,MedCore Ltd
PHY00456,Endocrinology,MI,2024-02-14,303.59,Royalty,BioGen Solutions
PHY00132,Pulmonology,FL,2025-09-07,216.18,Meal,BioGen Solutions
PHY00428,Neurology,OH,2024-08-05,34.06,Meal,NovaHealth Inc
PHY00104,Neurology,PA,2025-01-27,306.54,Meal,NovaHealth Inc
PHY00331,Cardiology,IL,2024-05-22,36.15,Meal,NovaHealth Inc
PHY00233,Neurology,CA,2025-06-12,110.55,Speaker Fee,Acme Pharma
PHY00026,Rheumatology,MI,2024-01-25,119.42,Speaker Fee,BioGen Solutions
PHY00301,Cardiology,GA,2024-12-04,361.71,Meal,BioGen Solutions
PHY00351,Neurology,PA,2025-02-15,157.04,Travel & Lodging,BioGen Solutions
PHY00321,Psychiatry,NY,2024-02-18,204.04,Royalty,MedCore Ltd
PHY00057,Psychiatry,PA,2025-07-12,403.33,Consulting Fee,NovaHealth Inc
PHY00242,General Practice,IL,2024-01-05,37.14,Royalty,Acme Pharma
PHY00434,Psychiatry,FL,2025-02-25,240.14,Travel & Lodging,NovaHealth Inc
PHY00015,Psychiatry,OH,2025-07-26,536.78,Royalty,NovaHealth Inc
PHY00078,Neurology,OH,2025-12-14,305.39,Royalty,Acme Pharma
PHY00223,Rheumatology,MI,2024-01-03,192.31,Meal,Acme Pharma
PHY00235,Neurology,OH,2025-09-11,55.78,Consulting Fee,Acme Pharma
PHY00240,Psychiatry,MI,2024-11-26,418.82,Meal,MedCore Ltd
PHY00070,Rheumatology,FL,2025-11-11,381.96,Meal,BioGen Solutions
PHY00252,Cardiology,NC,2025-07-13,471.55,Royalty,Acme Pharma
PHY00332,Cardiology,OH,2024-05-18,213.76,Research Payment,Acme Pharma
PHY00274,Psychiatry,NC,2024-01-19,133.38,Speaker Fee,NovaHealth Inc
PHY00390,Cardiology,IL,2024-09-16,123.09,Meal,BioGen Solutions
PHY00285,Oncology,FL,2025-07-24,1253.2,Travel & Lodging,Acme Pharma
PHY00336,Psychiatry,CA,2025-03-25,74.14,Speaker Fee,BioGen Solutions
PHY00008,Pulmonology,PA,2024-05-20,399.09,Meal,BioGen Solutions
PHY00094,Rheumatology,IL,2025-03-02,461.52,Consulting Fee,BioGen Solutions
PHY00084,Psychiatry,NC,2025-08-22,480.48,Meal,Acme Pharma
PHY00421,Oncology,IL,2024-03-14,403.72,Meal,Acme Pharma
PHY00476,Psychiatry,TX,2025-05-26,1261.92,Research Payment,MedCore Ltd
PHY00170,Rheumatology,FL,2024-11-17,323.71,Travel & Lodging,NovaHealth Inc
PHY00101,General Practice,MI,2024-06-03,238.96,Research Payment,Acme Pharma
PHY00010,Oncology,NY,2024-09-21,136.47,Royalty,MedCore Ltd
PHY00247,Cardiology,CA,2025-10-28,242.59,Consulting Fee,Acme Pharma
PHY00327,Endocrinology,TX,2025-02-07,511.85,Research Payment,NovaHealth Inc
PHY00163,Psychiatry,NC,2025-09-02,276.06,Royalty,Acme Pharma
PHY00274,Psychiatry,NC,2025-11-15,495.36,Meal,Acme Pharma
PHY00468,Cardiology,CA,2025-11-23,1279.79,Speaker Fee,Acme Pharma
PHY00058,Cardiology,IL,2024-06-02,54.94,Research Payment,MedCore Ltd
PHY00116,Neurology,IL,2024-09-22,439.04,Research Payment,NovaHealth Inc
PHY00193,Cardiology,NY,2025-02-04,538.63,Royalty,NovaHealth Inc
PHY00237,Rheumatology,MI,2025-08-02,38.54,Travel & Lodging,Acme Pharma
PHY00099,Rheumatology,OH,2025-08-10,2644.04,Speaker Fee,BioGen Solutions
PHY00403,Endocrinology,FL,2024-04-18,623.36,Speaker Fee,MedCore Ltd
PHY00133,Cardiology,GA,2025-02-08,172.66,Royalty,MedCore Ltd
PHY00279,Cardiology,PA,2024-03-24,42.89,Research Payment,MedCore Ltd
PHY00041,Endocrinology,OH,2025-01-02,241.17,Travel & Lodging,MedCore Ltd
PHY00103,Oncology,IL,2025-07-11,10.75,Travel & Lodging,MedCore Ltd
PHY00447,Endocrinology,PA,2024-07-07,310.67,Meal,NovaHealth Inc
PHY00477,Cardiology,MI,2025-06-19,871.49,Speaker Fee,Acme Pharma
PHY00433,Pulmonology,GA,2025-04-15,137.49,Research Payment,MedCore Ltd
PHY00116,Neurology,IL,2024-10-05,200.21,Research Payment,NovaHealth Inc
PHY00169,General Practice,GA,2025-05-23,544.24,Consulting Fee,MedCore Ltd
PHY00054,Neurology,FL,2024-11-21,101.72,Research Payment,MedCore Ltd
PHY00003,Pulmonology,CA,2025-01-18,71.68,Travel & Lodging,NovaHealth Inc
PHY00303,Endocrinology,GA,2024-02-07,648.28,Consulting Fee,Acme Pharma
PHY00397,Psychiatry,PA,2024-12-08,1218.53,Speaker Fee,NovaHealth Inc
PHY00030,Neurology,TX,2025-12-02,123.37,Travel & Lodging,NovaHealth Inc
PHY00185,Cardiology,OH,2025-01-16,590.55,Travel & Lodging,BioGen Solutions
PHY00374,Psychiatry,TX,2025-07-04,570.46,Royalty,Acme Pharma
PHY00456,Endocrinology,MI,2024-09-28,99.35,Travel & Lodging,BioGen Solutions
PHY00287,Cardiology,NY,2024-07-20,30.02,Speaker Fee,NovaHealth Inc
PHY00273,Psychiatry,CA,2025-07-13,287.07,Meal,BioGen Solutions
PHY00153,Cardiology,NY,2025-09-26,154.35,Consulting Fee,BioGen Solutions
PHY00217,Neurology,IL,2025-07-16,330.38,Meal,Acme Pharma
PHY00489,Cardiology,OH,2024-03-28,159.85,Travel & Lodging,NovaHealth Inc
PHY00001,General Practice,IL,2025-02-10,155.41,Speaker Fee,BioGen Solutions
PHY00126,Psychiatry,MI,2024-11-08,669.63,Research Payment,Acme Pharma
PHY00141,Psychiatry,CA,2025-08-04,116.66,Royalty,MedCore Ltd
PHY00308,Oncology,MI,2024-09-01,414.64,Meal,MedCore Ltd
PHY00175,Psychiatry,MI,2024-04-18,623.11,Consulting Fee,Acme Pharma
PHY00451,Rheumatology,IL,2025-04-18,422.01,Meal,NovaHealth Inc
PHY00369,Endocrinology,NY,2024-02-12,128.81,Meal,BioGen Solutions
PHY00488,Neurology,NC,2024-03-18,39.59,Travel & Lodging,Acme Pharma
PHY00339,Neurology,IL,2024-06-16,159.42,Travel & Lodging,Acme Pharma
PHY00193,Cardiology,NY,2025-03-28,566.0,Research Payment,MedCore Ltd
PHY00320,Rheumatology,FL,2025-04-27,405.52,Travel & Lodging,MedCore Ltd
PHY00080,Neurology,IL,2025-07-08,64.04,Royalty,BioGen Solutions
PHY00313,Neurology,NC,2025-06-02,72.64,Royalty,MedCore Ltd
PHY00375,Cardiology,GA,2025-03-26,48.69,Meal,Acme Pharma
PHY00113,Psychiatry,OH,2024-01-12,554.72,Royalty,Acme Pharma
PHY00331,Cardiology,IL,2024-10-09,550.91,Research Payment,Acme Pharma
PHY00412,Psychiatry,IL,2024-03-09,207.51,Royalty,MedCore Ltd
PHY00059,Endocrinology,CA,2024-02-02,128.64,Travel & Lodging,NovaHealth Inc
PHY00197,Oncology,FL,2025-03-25,31.54,Royalty,BioGen Solutions
PHY00167,Psychiatry,IL,2025-03-27,125.11,Travel & Lodging,MedCore Ltd
PHY00310,Rheumatology,MI,2025-04-21,368.0,Meal,Acme Pharma
PHY00280,Oncology,MI,2024-12-03,236.81,Speaker Fee,Acme Pharma
PHY00322,Pulmonology,PA,2025-06-01,177.56,Speaker Fee,Acme Pharma
PHY00412,Psychiatry,IL,2024-11-13,49.14,Meal,Acme Pharma
PHY00433,Pulmonology,GA,2025-11-19,326.1,Meal,BioGen Solutions
PHY00387,Endocrinology,NC,2024-04-07,30.06,Meal,MedCore Ltd
PHY00074,Oncology,CA,2024-06-14,209.84,Royalty,NovaHealth Inc
PHY00427,Cardiology,NC,2025-03-14,221.39,Royalty,MedCore Ltd
PHY00108,Neurology,FL,2025-02-06,305.77,Meal,BioGen Solutions
PHY00367,Rheumatology,NC,2025-02-17,1273.39,Royalty,BioGen Solutions
PHY00283,Rheumatology,IL,2024-03-13,769.95,Consulting Fee,MedCore Ltd
PHY00048,General Practice,MI,2024-11-21,63.62,Meal,NovaHealth Inc
PHY00413,Rheumatology,FL,2025-03-27,81.37,Consulting Fee,BioGen Solutions
PHY00154,Endocrinology,OH,2024-09-22,51.66,Travel & Lodging,MedCore Ltd
PHY00405,Psychiatry,PA,2024-09-04,449.66,Royalty,MedCore Ltd
PHY00098,Neurology,PA,2025-02-17,86.71,Consulting Fee,Acme Pharma
PHY00068,Cardiology,OH,2024-01-07,1871.45,Consulting Fee,Acme Pharma
PHY00164,Neurology,OH,2024-03-23,214.49,Research Payment,NovaHealth Inc
PHY00106,Oncology,IL,2024-09-18,444.51,Royalty,Acme Pharma
PHY00330,Psychiatry,TX,2025-01-04,89.91,Meal,BioGen Solutions
PHY00341,Endocrinology,NC,2024-05-06,997.96,Consulting Fee,MedCore Ltd
PHY00367,Rheumatology,NC,2024-09-27,261.08,Travel & Lodging,NovaHealth Inc
PHY00403,Endocrinology,FL,2024-09-04,1231.51,Meal,Acme Pharma
PHY00043,Oncology,TX,2025-01-11,1057.23,Research Payment,MedCore Ltd
PHY00039,Cardiology,GA,2025-01-03,848.48,Research Payment,BioGen Solutions
PHY00111,Psychiatry,MI,2025-04-24,76.12,Royalty,NovaHealth Inc
PHY00161,General Practice,TX,2024-11-26,25.71,Speaker Fee,NovaHealth Inc
PHY00304,Rheumatology,IL,2025-05-17,399.2,Travel & Lodging,MedCore Ltd
PHY00443,Cardiology,IL,2024-11-14,421.17,Research Payment,MedCore Ltd
PHY00174,Neurology,FL,2025-01-21,1340.0,Travel & Lodging,NovaHealth Inc
PHY00264,Cardiology,TX,2025-11-21,554.25,Royalty,NovaHealth Inc
PHY00209,Rheumatology,MI,2024-03-13,501.29,Consulting Fee,MedCore Ltd
PHY00284,General Practice,IL,2025-11-24,121.15,Research Payment,Acme Pharma
PHY00338,Endocrinology,CA,2025-07-21,147.75,Speaker Fee,BioGen Solutions
PHY00123,Oncology,TX,2024-07-06,1255.31,Royalty,NovaHealth Inc
PHY00168,General Practice,TX,2025-02-23,61.29,Meal,NovaHealth Inc
PHY00354,Psychiatry,IL,2024-03-03,280.44,Royalty,MedCore Ltd
PHY00139,General Practice,TX,2025-11-28,106.86,Royalty,MedCore Ltd
PHY00324,Oncology,NY,2024-07-25,245.9,Consulting Fee,BioGen Solutions
PHY00003,Pulmonology,CA,2024-04-30,105.73,Research Payment,Acme Pharma
PHY00497,Endocrinology,MI,2025-12-14,135.53,Meal,Acme Pharma
PHY00242,General Practice,IL,2025-03-30,645.92,Travel & Lodging,BioGen Solutions
PHY00452,Rheumatology,NC,2024-03-09,471.42,Consulting Fee,MedCore Ltd
PHY00140,Cardiology,NY,2025-03-19,2306.62,Consulting Fee,Acme Pharma
PHY00061,Endocrinology,IL,2024-11-14,22.58,Speaker Fee,MedCore Ltd
PHY00344,Oncology,CA,2024-06-01,135.46,Research Payment,MedCore Ltd
PHY00110,General Practice,MI,2024-06-25,484.59,Speaker Fee,NovaHealth Inc
PHY00295,Oncology,PA,2024-04-06,526.09,Royalty,BioGen Solutions
PHY00109,Rheumatology,IL,2025-06-30,173.46,Royalty,Acme Pharma
PHY00118,Rheumatology,MI,2024-09-17,739.64,Travel & Lodging,NovaHealth Inc
PHY00313,Neurology,NC,2025-12-26,436.69,Consulting Fee,Acme Pharma
PHY00239,Endocrinology,TX,2025-11-07,1658.52,Meal,BioGen Solutions
PHY00112,General Practice,IL,2024-02-14,113.68,Consulting Fee,BioGen Solutions
PHY00104,Neurology,PA,2025-08-19,789.17,Speaker Fee,NovaHealth Inc
PHY00150,Psychiatry,TX,2024-10-15,736.67,Royalty,Acme Pharma
PHY00126,Psychiatry,MI,2024-08-22,486.45,Speaker Fee,NovaHealth Inc
PHY00495,Pulmonology,OH,2024-04-24,371.83,Meal,NovaHealth Inc
PHY00201,General Practice,CA,2024-08-21,44.65,Royalty,BioGen Solutions
PHY00147,Endocrinology,CA,2024-04-27,502.62,Royalty,MedCore Ltd
PHY00152,Endocrinology,TX,2025-08-06,233.5,Consulting Fee,NovaHealth Inc
PHY00481,Neurology,NY,2024-01-19,319.55,Travel & Lodging,NovaHealth Inc
PHY00424,Endocrinology,IL,2024-06-23,98.62,Speaker Fee,BioGen Solutions
PHY00141,Psychiatry,CA,2024-04-02,532.57,Research Payment,MedCore Ltd
PHY00433,Pulmonology,GA,2024-09-01,163.55,Speaker Fee,Acme Pharma
PHY00071,Oncology,TX,2024-09-25,94.88,Research Payment,NovaHealth Inc
PHY00305,Oncology,GA,2025-03-26,256.18,Research Payment,Acme Pharma
PHY00241,Oncology,TX,2025-07-27,43.02,Consulting Fee,BioGen Solutions
PHY00025,Neurology,OH,2024-09-07,5681.39,Research Payment,BioGen Solutions
PHY00416,Cardiology,CA,2025-01-14,64.43,Consulting Fee,NovaHealth Inc
PHY00156,Oncology,MI,2024-03-13,1089.42,Consulting Fee,NovaHealth Inc
PHY00336,Psychiatry,CA,2025-02-28,286.7,Travel & Lodging,MedCore Ltd
PHY00435,Neurology,GA,2025-09-21,183.7,Travel & Lodging,BioGen Solutions
PHY00450,Rheumatology,CA,2025-03-04,1361.29,Travel & Lodging,BioGen Solutions
PHY00181,Pulmonology,NY,2025-06-25,83.39,Royalty,NovaHealth Inc
PHY00204,Cardiology,NY,2024-07-03,109.11,Meal,BioGen Solutions
PHY00220,General Practice,OH,2024-04-25,118.15,Speaker Fee,Acme Pharma
PHY00045,Neurology,PA,2024-11-30,315.31,Meal,MedCore Ltd
PHY00221,Endocrinology,IL,2025-09-26,225.79,Travel & Lodging,NovaHealth Inc
PHY00206,Pulmonology,OH,2024-02-09,123.27,Travel & Lodging,BioGen Solutions
PHY00062,General Practice,IL,2025-10-05,2026.42,Speaker Fee,BioGen Solutions
PHY00107,Rheumatology,CA,2024-04-05,174.27,Travel & Lodging,NovaHealth Inc
PHY00235,Neurology,OH,2024-03-02,153.32,Meal,NovaHealth Inc
PHY00317,Endocrinology,NC,2025-05-18,864.69,Consulting Fee,MedCore Ltd
PHY00136,Pulmonology,CA,2024-07-19,1307.56,Research Payment,NovaHealth Inc
PHY00295,Oncology,PA,2025-04-24,402.45,Speaker Fee,MedCore Ltd
PHY00209,Rheumatology,MI,2024-12-20,888.11,Research Payment,BioGen Solutions
PHY00071,Oncology,TX,2024-04-01,1527.55,Consulting Fee,BioGen Solutions
PHY00220,General Practice,OH,2025-03-17,310.06,Travel & Lodging,Acme Pharma
PHY00064,Cardiology,FL,2025-05-04,355.52,Research Payment,Acme Pharma
PHY00470,Neurology,FL,2025-07-27,219.01,Research Payment,BioGen Solutions
PHY00054,Neurology,FL,2025-06-11,56.8,Travel & Lodging,Acme Pharma
PHY00040,Endocrinology,NY,2024-08-24,156.87,Meal,NovaHealth Inc
PHY00300,Psychiatry,MI,2025-01-29,45.3,Consulting Fee,NovaHealth Inc
PHY00002,Neurology,OH,2024-06-26,979.52,Speaker Fee,NovaHealth Inc
PHY00224,Neurology,OH,2025-01-03,147.65,Royalty,NovaHealth Inc
PHY00239,Endocrinology,TX,2024-07-13,300.73,Consulting Fee,NovaHealth Inc
PHY00173,Endocrinology,NC,2024-06-04,475.28,Research Payment,NovaHealth Inc
PHY00110,General Practice,MI,2025-08-08,856.98,Meal,MedCore Ltd
PHY00279,Cardiology,PA,2024-12-05,466.2,Speaker Fee,Acme Pharma
PHY00340,Neurology,MI,2024-07-22,149.49,Research Payment,BioGen Solutions
PHY00022,Pulmonology,CA,2024-03-10,133.11,Research Payment,Acme Pharma
PHY00096,Rheumatology,OH,2025-11-05,417.65,Royalty,NovaHealth Inc
PHY00176,Rheumatology,IL,2024-08-04,928.38,Royalty,BioGen Solutions
PHY00232,Neurology,MI,2025-03-30,139.35,Royalty,Acme Pharma
PHY00256,Endocrinology,NY,2025-07-03,530.36,Travel & Lodging,MedCore Ltd
PHY00140,Cardiology,NY,2024-10-25,4625.56,Research Payment,Acme Pharma
PHY00369,Endocrinology,NY,2025-04-03,59.65,Travel & Lodging,Acme Pharma
PHY00499,Cardiology,CA,2025-05-22,57.88,Royalty,BioGen Solutions
PHY00462,Pulmonology,GA,2024-04-23,561.3,Consulting Fee,MedCore Ltd
PHY00356,General Practice,NY,2025-11-25,389.23,Travel & Lodging,BioGen Solutions
PHY00208,Neurology,NY,2025-12-09,906.12,Research Payment,Acme Pharma
PHY00138,Cardiology,GA,2024-12-04,291.16,Travel & Lodging,BioGen Solutions
PHY00450,Rheumatology,CA,2024-03-14,251.81,Research Payment,BioGen Solutions
PHY00153,Cardiology,NY,2024-10-02,867.41,Travel & Lodging,NovaHealth Inc
PHY00482,Rheumatology,OH,2025-11-25,310.66,Meal,Acme Pharma
PHY00191,General Practice,OH,2024-11-10,11.93,Speaker Fee,MedCore Ltd
PHY00246,Rheumatology,GA,2024-04-22,47.97,Speaker Fee,MedCore Ltd
PHY00166,Cardiology,MI,2024-01-14,226.02,Speaker Fee,BioGen Solutions
PHY00055,General Practice,MI,2025-11-24,111.75,Speaker Fee,MedCore Ltd
PHY00471,Pulmonology,GA,2024-03-15,245.1,Consulting Fee,BioGen Solutions
PHY00345,Endocrinology,TX,2024-06-30,52.87,Speaker Fee,NovaHealth Inc
PHY00339,Neurology,IL,2024-03-04,159.8,Meal,NovaHealth Inc
PHY00214,General Practice,FL,2025-12-21,1134.55,Research Payment,NovaHealth Inc
PHY00142,Cardiology,CA,2025-03-09,1579.7,Meal,MedCore Ltd
PHY00118,Rheumatology,MI,2025-06-15,681.82,Royalty,NovaHealth Inc
PHY00131,Neurology,IL,2024-06-04,11.76,Research Payment,NovaHealth Inc
PHY00293,Cardiology,CA,2025-03-13,171.41,Speaker Fee,BioGen Solutions
PHY00456,Endocrinology,MI,2024-05-29,155.12,Speaker Fee,NovaHealth Inc
PHY00209,Rheumatology,MI,2025-10-01,302.8,Meal,MedCore Ltd
PHY00439,General Practice,TX,2024-05-23,665.86,Research Payment,BioGen Solutions
PHY00239,Endocrinology,TX,2024-06-03,1758.87,Research Payment,BioGen Solutions
PHY00088,Cardiology,MI,2024-09-12,345.98,Research Payment,NovaHealth Inc
PHY00366,General Practice,IL,2024-10-02,267.66,Meal,BioGen Solutions
PHY00309,Psychiatry,GA,2025-09-22,1744.44,Speaker Fee,NovaHealth Inc
PHY00413,Rheumatology,FL,2025-05-08,73.19,Travel & Lodging,NovaHealth Inc
PHY00434,Psychiatry,FL,2024-03-11,110.88,Meal,NovaHealth Inc
PHY00358,Psychiatry,OH,2025-12-28,105.02,Speaker Fee,MedCore Ltd
PHY00052,Rheumatology,PA,2025-04-29,365.19,Consulting Fee,MedCore Ltd
PHY00072,Oncology,MI,2024-10-22,250.8,Meal,MedCore Ltd
PHY00407,Rheumatology,GA,2024-12-25,469.64,Research Payment,NovaHealth Inc
PHY00056,Neurology,PA,2024-02-29,56.74,Speaker Fee,BioGen Solutions
PHY00028,Oncology,MI,2024-02-18,48.18,Meal,Acme Pharma
PHY00282,Neurology,PA,2024-03-26,73.43,Meal,BioGen Solutions
PHY00338,Endocrinology,CA,2024-06-14,235.63,Travel & Lodging,MedCore Ltd
PHY00302,Cardiology,PA,2024-04-05,88.4,Royalty,Acme Pharma
PHY00192,Endocrinology,NC,2025-04-30,104.93,Travel & Lodging,MedCore Ltd
PHY00112,General Practice,IL,2025-03-21,820.24,Consulting Fee,Acme Pharma
PHY00247,Cardiology,CA,2025-05-04,58.97,Research Payment,Acme Pharma
PHY00176,Rheumatology,IL,2025-06-13,15.08,Travel & Lodging,MedCore Ltd
PHY00424,Endocrinology,IL,2025-02-02,301.49,Consulting Fee,MedCore Ltd
PHY00148,Endocrinology,GA,2024-08-05,70.32,Travel & Lodging,Acme Pharma
PHY00082,Neurology,IL,2025-12-20,599.63,Royalty,BioGen Solutions
PHY00444,Psychiatry,IL,2024-11-22,2559.84,Consulting Fee,BioGen Solutions
PHY00048,General Practice,MI,2024-01-18,383.05,Travel & Lodging,Acme Pharma
PHY00224,Neurology,OH,2025-05-02,104.53,Research Payment,Acme Pharma
PHY00337,Pulmonology,TX,2024-08-16,1948.74,Meal,NovaHealth Inc
PHY00270,Endocrinology,CA,2025-08-29,267.5,Royalty,MedCore Ltd
PHY00039,Cardiology,GA,2024-03-12,1439.89,Royalty,BioGen Solutions
PHY00422,Oncology,TX,2024-04-29,60.26,Meal,Acme Pharma
PHY00222,Endocrinology,MI,2025-03-26,117.98,Speaker Fee,MedCore Ltd
PHY00406,Neurology,CA,2025-08-30,128.13,Research Payment,NovaHealth Inc
PHY00200,Endocrinology,NY,2024-09-03,64.99,Royalty,MedCore Ltd
PHY00099,Rheumatology,OH,2025-01-21,318.83,Travel & Lodging,MedCore Ltd
PHY00177,Endocrinology,NC,2024-12-14,129.35,Consulting Fee,BioGen Solutions
PHY00425,Psychiatry,TX,2024-10-13,437.31,Royalty,Acme Pharma
PHY00250,Endocrinology,CA,2025-08-18,89.45,Research Payment,Acme Pharma
PHY00127,Oncology,NY,2025-09-17,84.44,Consulting Fee,MedCore Ltd
PHY00500,Neurology,FL,2025-12-17,97.43,Consulting Fee,BioGen Solutions
PHY00461,Oncology,PA,2024-09-29,85.48,Speaker Fee,MedCore Ltd
PHY00498,Neurology,NC,2024-04-18,290.18,Travel & Lodging,NovaHealth Inc
PHY00111,Psychiatry,MI,2025-11-29,487.67,Research Payment,BioGen Solutions
PHY00229,Cardiology,TX,2025-05-11,596.2,Speaker Fee,NovaHealth Inc
PHY00210,Pulmonology,IL,2025-05-25,811.25,Consulting Fee,NovaHealth Inc
PHY00359,Cardiology,IL,2024-01-13,130.13,Royalty,NovaHealth Inc
PHY00269,General Practice,OH,2024-06-19,1294.66,Research Payment,NovaHealth Inc
PHY00149,Cardiology,MI,2025-09-15,289.89,Meal,BioGen Solutions
PHY00201,General Practice,CA,2024-06-28,18.98,Speaker Fee,MedCore Ltd
PHY00479,Cardiology,NY,2025-07-18,20.07,Royalty,BioGen Solutions
PHY00001,General Practice,IL,2024-02-13,1938.43,Travel & Lodging,BioGen Solutions
PHY00098,Neurology,PA,2025-12-20,123.49,Consulting Fee,MedCore Ltd
PHY00072,Oncology,MI,2025-10-28,363.37,Royalty,MedCore Ltd
PHY00321,Psychiatry,NY,2024-04-16,142.59,Travel & Lodging,BioGen Solutions
PHY00171,Psychiatry,NC,2024-09-29,1106.08,Consulting Fee,MedCore Ltd
PHY00221,Endocrinology,IL,2025-12-25,596.71,Royalty,NovaHealth Inc
PHY00434,Psychiatry,FL,2025-09-05,280.52,Research Payment,Acme Pharma
PHY00192,Endocrinology,NC,2025-05-13,1541.68,Travel & Lodging,BioGen Solutions
PHY00139,General Practice,TX,2024-05-28,288.71,Travel & Lodging,NovaHealth Inc
PHY00063,Pulmonology,OH,2024-04-13,212.84,Consulting Fee,NovaHealth Inc
PHY00147,Endocrinology,CA,2024-07-02,316.61,Royalty,MedCore Ltd
PHY00450,Rheumatology,CA,2025-07-03,84.18,Travel & Lodging,MedCore Ltd
PHY00058,Cardiology,IL,2024-09-25,769.98,Meal,NovaHealth Inc
PHY00288,Pulmonology,FL,2024-04-14,92.18,Travel & Lodging,NovaHealth Inc
PHY00252,Cardiology,NC,2024-12-20,23.98,Royalty,MedCore Ltd
PHY00184,Endocrinology,CA,2024-07-28,250.38,Meal,MedCore Ltd
PHY00472,Psychiatry,PA,2025-12-20,322.35,Speaker Fee,MedCore Ltd
PHY00422,Oncology,TX,2025-05-06,134.73,Meal,BioGen Solutions
PHY00472,Psychiatry,PA,2025-01-09,113.4,Royalty,Acme Pharma
PHY00025,Neurology,OH,2025-05-25,33.82,Royalty,NovaHealth Inc
PHY00490,Pulmonology,IL,2024-03-13,247.61,Speaker Fee,MedCore Ltd
PHY00448,Rheumatology,IL,2024-12-25,691.07,Research Payment,BioGen Solutions
PHY00442,Psychiatry,NY,2024-10-09,298.87,Consulting Fee,BioGen Solutions
PHY00163,Psychiatry,NC,2025-04-04,152.33,Speaker Fee,BioGen Solutions
PHY00351,Neurology,PA,2025-03-09,488.04,Meal,MedCore Ltd
PHY00471,Pulmonology,GA,2024-05-11,955.99,Consulting Fee,NovaHealth Inc
PHY00089,Neurology,CA,2025-07-31,64.87,Royalty,BioGen Solutions
PHY00378,Cardiology,MI,2024-05-28,1061.78,Royalty,Acme Pharma
PHY00446,Endocrinology,MI,2025-04-25,179.36,Meal,NovaHealth Inc
PHY00253,Neurology,FL,2024-05-22,620.75,Consulting Fee,NovaHealth Inc
PHY00389,Cardiology,OH,2024-03-10,1269.62,Consulting Fee,BioGen Solutions
PHY00112,General Practice,IL,2024-12-29,680.35,Speaker Fee,Acme Pharma
PHY00476,Psychiatry,TX,2025-12-26,1098.55,Travel & Lodging,MedCore Ltd
PHY00242,General Practice,IL,2024-05-17,428.4,Research Payment,NovaHealth Inc
PHY00237,Rheumatology,MI,2025-11-23,449.28,Research Payment,MedCore Ltd
PHY00443,Cardiology,IL,2024-08-24,44.28,Travel & Lodging,MedCore Ltd
PHY00002,Neurology,OH,2025-03-24,416.27,Meal,BioGen Solutions
PHY00030,Neurology,TX,2024-04-17,30.17,Research Payment,Acme Pharma
PHY00438,Psychiatry,NY,2025-08-28,492.11,Consulting Fee,BioGen Solutions
PHY00223,Rheumatology,MI,2025-11-28,24.79,Meal,Acme Pharma
PHY00076,Oncology,NY,2025-03-14,87.14,Royalty,MedCore Ltd
PHY00101,General Practice,MI,2024-04-20,67.24,Speaker Fee,NovaHealth Inc
PHY00426,Pulmonology,NY,2025-02-08,319.11,Consulting Fee,NovaHealth Inc
PHY00166,Cardiology,MI,2025-09-02,52.22,Consulting Fee,Acme Pharma
PHY00090,Oncology,TX,2025-10-14,45.76,Consulting Fee,NovaHealth Inc
PHY00337,Pulmonology,TX,2025-05-10,1075.54,Royalty,NovaHealth Inc
PHY00239,Endocrinology,TX,2024-03-12,226.42,Research Payment,BioGen Solutions
PHY00310,Rheumatology,MI,2025-05-23,94.57,Research Payment,MedCore Ltd
PHY00163,Psychiatry,NC,2024-02-29,16.72,Royalty,Acme Pharma
PHY00470,Neurology,FL,2025-07-23,366.24,Speaker Fee,BioGen Solutions
PHY00005,Endocrinology,TX,2025-06-15,2562.17,Royalty,NovaHealth Inc
PHY00059,Endocrinology,CA,2025-03-23,38.75,Consulting Fee,NovaHealth Inc
PHY00462,Pulmonology,GA,2024-01-13,905.87,Meal,BioGen Solutions
PHY00399,Psychiatry,TX,2024-01-19,844.08,Meal,MedCore Ltd
PHY00163,Psychiatry,NC,2024-05-01,1230.24,Meal,MedCore Ltd
PHY00408,Psychiatry,OH,2024-11-12,731.41,Speaker Fee,Acme Pharma
PHY00355,Psychiatry,PA,2024-06-12,206.53,Research Payment,NovaHealth Inc
PHY00314,General Practice,FL,2024-05-07,125.63,Royalty,MedCore Ltd
PHY00296,Neurology,PA,2024-07-05,312.71,Meal,MedCore Ltd
PHY00190,Rheumatology,OH,2025-01-22,57.98,Research Payment,NovaHealth Inc
PHY00287,Cardiology,NY,2024-05-15,172.31,Travel & Lodging,BioGen Solutions
PHY00201,General Practice,CA,2025-05-01,374.0,Meal,BioGen Solutions
PHY00103,Oncology,IL,2024-05-04,179.99,Consulting Fee,MedCore Ltd
PHY00483,Pulmonology,TX,2025-04-02,188.05,Research Payment,Acme Pharma
PHY00423,Rheumatology,PA,2025-07-25,219.93,Speaker Fee,BioGen Solutions
PHY00382,Rheumatology,NY,2024-06-21,331.99,Royalty,MedCore Ltd
PHY00106,Oncology,IL,2024-05-25,156.57,Speaker Fee,MedCore Ltd
PHY00457,Rheumatology,NC,2024-07-20,27.62,Travel & Lodging,BioGen Solutions
PHY00323,Neurology,TX,2024-04-15,608.9,Travel & Lodging,BioGen Solutions
PHY00401,Psychiatry,NY,2024-04-05,218.47,Consulting Fee,BioGen Solutions
PHY00389,Cardiology,OH,2025-02-19,404.86,Royalty,MedCore Ltd
PHY00454,Rheumatology,TX,2024-10-17,209.47,Travel & Lodging,Acme Pharma
PHY00251,Rheumatology,OH,2025-05-29,490.7,Consulting Fee,MedCore Ltd
PHY00076,Oncology,NY,2025-08-21,14.8,Travel & Lodging,Acme Pharma
PHY00329,Psychiatry,GA,2025-12-14,47.46,Travel & Lodging,Acme Pharma
PHY00175,Psychiatry,MI,2024-03-09,420.2,Royalty,Acme Pharma
PHY00412,Psychiatry,IL,2024-08-24,25.95,Consulting Fee,NovaHealth Inc
PHY00206,Pulmonology,OH,2025-05-04,193.81,Consulting Fee,Acme Pharma
PHY00334,Endocrinology,CA,2024-12-20,98.8,Meal,MedCore Ltd
PHY00226,Oncology,IL,2024-04-08,525.05,Royalty,Acme Pharma
PHY00391,Endocrinology,IL,2025-05-17,132.58,Consulting Fee,MedCore Ltd
PHY00382,Rheumatology,NY,2025-07-29,202.37,Travel & Lodging,Acme Pharma
PHY00187,Oncology,OH,2025-10-17,237.23,Royalty,Acme Pharma
PHY00364,Oncology,NY,2025-05-05,219.84,Meal,MedCore Ltd
PHY00333,Neurology,GA,2025-10-03,233.91,Speaker Fee,BioGen Solutions
PHY00411,Endocrinology,CA,2024-10-09,1598.98,Royalty,BioGen Solutions
PHY00488,Neurology,NC,2024-01-12,400.71,Research Payment,NovaHealth Inc
PHY00043,Oncology,TX,2024-01-17,105.64,Meal,Acme Pharma
PHY00008,Pulmonology,PA,2024-03-30,67.97,Meal,MedCore Ltd
PHY00118,Rheumatology,MI,2024-06-23,551.6,Research Payment,MedCore Ltd
PHY00124,General Practice,FL,2025-01-15,96.54,Research Payment,Acme Pharma
PHY00195,General Practice,CA,2024-08-15,446.78,Research Payment,NovaHealth Inc
PHY00021,Rheumatology,GA,2024-03-04,2233.85,Research Payment,BioGen Solutions
PHY00311,Psychiatry,TX,2024-10-11,141.05,Meal,NovaHealth Inc
PHY00406,Neurology,CA,2024-08-11,106.32,Speaker Fee,Acme Pharma
PHY00438,Psychiatry,NY,2024-01-30,1605.76,Research Payment,BioGen Solutions
PHY00318,Cardiology,CA,2024-08-08,87.23,Meal,NovaHealth Inc
PHY00180,Endocrinology,CA,2025-01-01,73.5,Travel & Lodging,NovaHealth Inc
PHY00070,Rheumatology,FL,2024-04-25,99.19,Consulting Fee,MedCore Ltd
PHY00009,General Practice,MI,2024-10-14,155.93,Meal,BioGen Solutions
PHY00126,Psychiatry,MI,2025-08-09,1011.13,Research Payment,NovaHealth Inc
PHY00442,Psychiatry,NY,2024-10-26,714.47,Research Payment,BioGen Solutions
PHY00339,Neurology,IL,2025-08-29,2198.53,Research Payment,MedCore Ltd
PHY00322,Pulmonology,PA,2024-07-05,38.78,Meal,MedCore Ltd
PHY00273,Psychiatry,CA,2024-05-23,25.64,Royalty,BioGen Solutions
PHY00245,General Practice,NY,2024-04-16,111.06,Research Payment,MedCore Ltd
PHY00327,Endocrinology,TX,2025-02-13,152.79,Speaker Fee,MedCore Ltd
PHY00095,Rheumatology,CA,2025-12-21,78.04,Speaker Fee,BioGen Solutions
PHY00386,Psychiatry,IL,2025-09-09,108.59,Meal,MedCore Ltd
PHY00019,Psychiatry,MI,2025-02-13,131.05,Travel & Lodging,Acme Pharma
PHY00195,General Practice,CA,2024-01-12,176.66,Travel & Lodging,NovaHealth Inc
PHY00283,Rheumatology,IL,2024-06-30,1716.28,Meal,NovaHealth Inc
PHY00030,Neurology,TX,2025-08-18,735.67,Royalty,MedCore Ltd
PHY00281,Neurology,IL,2024-04-05,586.8,Consulting Fee,Acme Pharma
PHY00361,Neurology,IL,2025-01-08,70.48,Speaker Fee,BioGen Solutions
PHY00421,Oncology,IL,2024-09-02,343.95,Meal,NovaHealth Inc
PHY00363,Cardiology,MI,2024-10-09,74.78,Consulting Fee,MedCore Ltd
PHY00162,Cardiology,NY,2024-06-08,623.42,Consulting Fee,MedCore Ltd
PHY00346,General Practice,NC,2024-07-19,233.5,Speaker Fee,MedCore Ltd
PHY00226,Oncology,IL,2025-11-18,268.02,Consulting Fee,BioGen Solutions
PHY00124,General Practice,FL,2025-11-06,176.4,Royalty,BioGen Solutions
PHY00386,Psychiatry,IL,2025-11-01,147.76,Meal,Acme Pharma
PHY00156,Oncology,MI,2024-12-05,1106.81,Research Payment,BioGen Solutions
PHY00280,Oncology,MI,2025-09-13,309.69,Royalty,NovaHealth Inc
PHY00128,Cardiology,MI,2024-11-09,93.94,Meal,NovaHealth Inc
PHY00454,Rheumatology,TX,2024-02-05,36.21,Research Payment,MedCore Ltd
PHY00148,Endocrinology,GA,2025-06-13,698.55,Royalty,BioGen Solutions
PHY00151,Endocrinology,NY,2025-04-24,184.64,Research Payment,MedCore Ltd
PHY00149,Cardiology,MI,2024-04-13,290.77,Travel & Lodging,NovaHealth Inc
PHY00231,Rheumatology,MI,2025-12-18,82.64,Research Payment,BioGen Solutions
PHY00142,Cardiology,CA,2024-11-12,999.55,Royalty,MedCore Ltd
PHY00015,Psychiatry,OH,2025-07-09,223.94,Meal,NovaHealth Inc
PHY00261,Cardiology,NY,2024-04-18,636.44,Travel & Lodging,MedCore Ltd
PHY00343,Endocrinology,CA,2025-09-07,72.82,Travel & Lodging,Acme Pharma
PHY00245,General Practice,NY,2024-10-13,68.34,Travel & Lodging,Acme Pharma
PHY00476,Psychiatry,TX,2024-03-23,1210.3,Royalty,NovaHealth Inc
PHY00429,Cardiology,OH,2025-05-22,321.15,Travel & Lodging,Acme Pharma
PHY00072,Oncology,MI,2024-09-03,62.88,Travel & Lodging,BioGen Solutions
PHY00495,Pulmonology,OH,2025-07-19,227.04,Travel & Lodging,Acme Pharma
PHY00054,Neurology,FL,2025-12-30,23.21,Research Payment,BioGen Solutions
PHY00129,Neurology,CA,2025-12-06,152.39,Research Payment,MedCore Ltd
PHY00326,Rheumatology,NC,2024-01-08,94.56,Travel & Lodging,MedCore Ltd
PHY00163,Psychiatry,NC,2025-12-09,151.58,Travel & Lodging,MedCore Ltd
PHY00204,Cardiology,NY,2024-07-30,847.99,Meal,BioGen Solutions
PHY00275,Cardiology,GA,2024-04-11,654.37,Travel & Lodging,Acme Pharma
PHY00171,Psychiatry,NC,2025-10-14,943.54,Meal,MedCore Ltd
PHY00111,Psychiatry,MI,2024-02-12,587.8,Travel & Lodging,MedCore Ltd
PHY00500,Neurology,FL,2024-07-18,5248.11,Meal,Acme Pharma
PHY00020,Endocrinology,CA,2025-03-15,113.22,Travel & Lodging,MedCore Ltd
PHY00039,Cardiology,GA,2025-03-10,1008.87,Royalty,BioGen Solutions
PHY00154,Endocrinology,OH,2024-02-11,3767.18,Travel & Lodging,BioGen Solutions
PHY00294,Oncology,IL,2025-09-01,2604.61,Royalty,MedCore Ltd
PHY00230,Pulmonology,NC,2025-01-03,239.04,Speaker Fee,MedCore Ltd
PHY00065,General Practice,PA,2024-08-19,65.08,Travel & Lodging,BioGen Solutions
PHY00317,Endocrinology,NC,2024-11-19,287.94,Consulting Fee,MedCore Ltd
PHY00154,Endocrinology,OH,2025-10-13,570.95,Royalty,Acme Pharma
PHY00088,Cardiology,MI,2025-12-20,182.87,Consulting Fee,Acme Pharma
PHY00089,Neurology,CA,2025-01-15,71.4,Royalty,MedCore Ltd
PHY00075,Pulmonology,GA,2025-04-24,1070.63,Consulting Fee,BioGen Solutions
PHY00366,General Practice,IL,2025-09-25,552.65,Research Payment,BioGen Solutions
PHY00498,Neurology,NC,2025-06-23,207.6,Travel & Lodging,BioGen Solutions
PHY00313,Neurology,NC,2025-06-21,206.55,Consulting Fee,MedCore Ltd
PHY00270,Endocrinology,CA,2024-11-29,1222.12,Travel & Lodging,NovaHealth Inc
PHY00348,Neurology,CA,2024-09-29,354.14,Royalty,NovaHealth Inc
PHY00047,Psychiatry,NC,2024-06-29,235.93,Royalty,MedCore Ltd
PHY00422,Oncology,TX,2024-11-15,395.67,Consulting Fee,NovaHealth Inc
PHY00138,Cardiology,GA,2025-03-16,286.37,Research Payment,NovaHealth Inc
PHY00230,Pulmonology,NC,2025-11-03,174.9,Speaker Fee,MedCore Ltd
PHY00401,Psychiatry,NY,2025-10-05,76.9,Travel & Lodging,NovaHealth Inc
PHY00218,Pulmonology,OH,2024-09-16,3288.11,Consulting Fee,Acme Pharma
PHY00291,Cardiology,NC,2025-06-03,1021.12,Research Payment,MedCore Ltd
PHY00467,Psychiatry,GA,2024-10-18,91.89,Travel & Lodging,MedCore Ltd
PHY00334,Endocrinology,CA,2025-01-11,268.75,Speaker Fee,MedCore Ltd
PHY00413,Rheumatology,FL,2025-06-11,875.17,Meal,Acme Pharma
PHY00017,Neurology,MI,2025-07-04,299.17,Royalty,NovaHealth Inc
PHY00432,Rheumatology,FL,2024-02-08,43.84,Royalty,BioGen Solutions
PHY00066,Oncology,FL,2024-04-17,248.22,Meal,NovaHealth Inc
PHY00292,Endocrinology,CA,2025-06-13,76.84,Research Payment,Acme Pharma
PHY00383,Neurology,TX,2025-03-17,117.5,Speaker Fee,BioGen Solutions
PHY00090,Oncology,TX,2025-01-24,412.89,Royalty,Acme Pharma
PHY00030,Neurology,TX,2024-02-02,11.72,Speaker Fee,Acme Pharma
PHY00012,General Practice,GA,2025-09-21,38.27,Royalty,Acme Pharma
PHY00332,Cardiology,OH,2025-06-24,976.07,Consulting Fee,BioGen Solutions
PHY00190,Rheumatology,OH,2024-04-26,2670.08,Research Payment,MedCore Ltd
PHY00438,Psychiatry,NY,2024-09-30,90.15,Travel & Lodging,BioGen Solutions
PHY00171,Psychiatry,NC,2025-12-22,51.88,Consulting Fee,MedCore Ltd
PHY00443,Cardiology,IL,2025-08-29,129.2,Speaker Fee,BioGen Solutions
PHY00068,Cardiology,OH,2025-12-22,252.49,Royalty,NovaHealth Inc
PHY00172,Pulmonology,IL,2025-01-17,30.51,Royalty,NovaHealth Inc
PHY00025,Neurology,OH,2025-05-17,39.41,Royalty,BioGen Solutions
PHY00412,Psychiatry,IL,2024-08-11,1990.39,Meal,BioGen Solutions
PHY00119,Psychiatry,MI,2025-03-08,52.15,Research Payment,BioGen Solutions
PHY00197,Oncology,FL,2025-07-07,347.67,Research Payment,MedCore Ltd
PHY00443,Cardiology,IL,2024-11-25,17.96,Research Payment,BioGen Solutions
PHY00367,Rheumatology,NC,2025-01-21,595.84,Travel & Lodging,NovaHealth Inc
PHY00348,Neurology,CA,2024-01-29,128.27,Royalty,Acme Pharma
PHY00349,Psychiatry,IL,2024-05-26,207.88,Travel & Lodging,MedCore Ltd
PHY00008,Pulmonology,PA,2024-05-01,250.28,Research Payment,BioGen Solutions
PHY00045,Neurology,PA,2024-05-15,59.98,Research Payment,BioGen Solutions
PHY00496,General Practice,PA,2024-01-09,471.7,Consulting Fee,BioGen Solutions
PHY00015,Psychiatry,OH,2025-09-05,265.77,Speaker Fee,Acme Pharma
PHY00278,Rheumatology,IL,2025-02-11,10.19,Speaker Fee,BioGen Solutions
PHY00208,Neurology,NY,2025-09-13,1238.68,Consulting Fee,Acme Pharma
PHY00306,Pulmonology,MI,2024-01-12,627.65,Meal,Acme Pharma
PHY00279,Cardiology,PA,2024-06-19,934.05,Royalty,BioGen Solutions
PHY00453,Rheumatology,MI,2025-03-02,178.56,Travel & Lodging,MedCore Ltd
PHY00319,General Practice,IL,2025-03-16,134.07,Meal,BioGen Solutions
PHY00056,Neurology,PA,2024-06-03,139.1,Meal,MedCore Ltd
PHY00481,Neurology,NY,2024-03-08,1394.42,Royalty,Acme Pharma
PHY00482,Rheumatology,OH,2024-11-18,260.55,Royalty,Acme Pharma
PHY00269,General Practice,OH,2025-12-09,440.98,Consulting Fee,MedCore Ltd
PHY00118,Rheumatology,MI,2025-01-01,397.37,Research Payment,NovaHealth Inc
PHY00175,Psychiatry,MI,2025-08-10,48.64,Research Payment,NovaHealth Inc
PHY00111,Psychiatry,MI,2025-03-14,447.31,Royalty,Acme Pharma
PHY00428,Neurology,OH,2025-12-28,161.1,Consulting Fee,Acme Pharma
PHY00051,General Practice,MI,2025-12-26,445.99,Speaker Fee,MedCore Ltd
PHY00439,General Practice,TX,2025-11-29,128.98,Consulting Fee,BioGen Solutions
PHY00028,Oncology,MI,2025-11-22,94.19,Travel & Lodging,MedCore Ltd
PHY00080,Neurology,IL,2024-10-20,407.19,Research Payment,NovaHealth Inc
PHY00343,Endocrinology,CA,2024-11-05,298.53,Travel & Lodging,MedCore Ltd
PHY00173,Endocrinology,NC,2025-07-11,126.45,Meal,BioGen Solutions
PHY00214,General Practice,FL,2024-03-25,70.21,Consulting Fee,Acme Pharma
PHY00134,Pulmonology,OH,2025-10-24,196.16,Travel & Lodging,MedCore Ltd
PHY00343,Endocrinology,CA,2024-12-17,964.14,Consulting Fee,Acme Pharma
PHY00313,Neurology,NC,2025-09-06,30.6,Travel & Lodging,Acme Pharma
PHY00428,Neurology,OH,2025-04-10,196.33,Meal,BioGen Solutions
PHY00134,Pulmonology,OH,2024-12-12,32.99,Consulting Fee,Acme Pharma
PHY00109,Rheumatology,IL,2025-06-16,558.07,Research Payment,Acme Pharma
PHY00343,Endocrinology,CA,2025-10-21,1422.04,Research Payment,NovaHealth Inc
PHY00117,Cardiology,OH,2025-08-26,370.94,Consulting Fee,NovaHealth Inc
PHY00498,Neurology,NC,2024-10-23,4983.4,Royalty,BioGen Solutions
PHY00249,Cardiology,FL,2025-07-03,176.72,Speaker Fee,MedCore Ltd
PHY00259,Psychiatry,MI,2025-05-17,117.5,Research Payment,BioGen Solutions
PHY00225,Oncology,MI,2025-10-25,84.16,Travel & Lodging,NovaHealth Inc
PHY00001,General Practice,IL,2024-06-01,164.98,Research Payment,Acme Pharma
PHY00126,Psychiatry,MI,2025-05-05,31.51,Research Payment,BioGen Solutions
PHY00407,Rheumatology,GA,2025-12-23,653.15,Consulting Fee,MedCore Ltd
PHY00182,General Practice,FL,2025-05-13,90.67,Consulting Fee,NovaHealth Inc
PHY00336,Psychiatry,CA,2025-03-14,60.03,Speaker Fee,NovaHealth Inc
PHY00345,Endocrinology,TX,2024-02-14,37.82,Consulting Fee,MedCore Ltd
PHY00491,Psychiatry,MI,2025-07-04,2287.69,Speaker Fee,NovaHealth Inc
PHY00030,Neurology,TX,2024-09-30,103.25,Consulting Fee,BioGen Solutions
PHY00015,Psychiatry,OH,2025-05-30,37.5,Consulting Fee,Acme Pharma
PHY00137,Cardiology,FL,2024-06-02,3883.01,Speaker Fee,BioGen Solutions
PHY00258,Rheumatology,OH,2025-08-27,41.46,Research Payment,MedCore Ltd
PHY00426,Pulmonology,NY,2025-09-12,76.09,Travel & Lodging,MedCore Ltd
PHY00191,General Practice,OH,2024-12-31,819.39,Consulting Fee,NovaHealth Inc
PHY00117,Cardiology,OH,2024-09-23,138.57,Research Payment,MedCore Ltd
PHY00376,Neurology,OH,2025-10-14,157.75,Meal,Acme Pharma
PHY00074,Oncology,CA,2025-05-22,632.8,Speaker Fee,NovaHealth Inc
PHY00312,General Practice,IL,2025-07-25,628.27,Research Payment,BioGen Solutions
PHY00157,General Practice,GA,2024-07-24,691.69,Consulting Fee,BioGen Solutions
PHY00434,Psychiatry,FL,2024-07-01,174.32,Consulting Fee,Acme Pharma
PHY00130,Neurology,GA,2025-10-26,462.81,Speaker Fee,BioGen Solutions
PHY00070,Rheumatology,FL,2025-12-07,1714.71,Speaker Fee,BioGen Solutions
PHY00082,Neurology,IL,2025-08-09,1150.92,Travel & Lodging,NovaHealth Inc
PHY00315,Endocrinology,PA,2025-04-11,612.12,Royalty,BioGen Solutions
PHY00318,Cardiology,CA,2024-05-23,427.42,Consulting Fee,MedCore Ltd
PHY00439,General Practice,TX,2025-06-30,417.9,Royalty,Acme Pharma
PHY00467,Psychiatry,GA,2025-09-03,40.05,Consulting Fee,MedCore Ltd
PHY00111,Psychiatry,MI,2024-08-19,61.05,Travel & Lodging,MedCore Ltd
PHY00210,Pulmonology,IL,2025-08-14,333.75,Research Payment,Acme Pharma
PHY00007,Pulmonology,MI,2024-06-03,315.86,Speaker Fee,NovaHealth Inc
PHY00036,Pulmonology,FL,2025-06-01,364.23,Research Payment,NovaHealth Inc
PHY00409,Neurology,MI,2025-03-14,290.07,Consulting Fee,NovaHealth Inc
PHY00152,Endocrinology,TX,2024-11-26,69.71,Speaker Fee,MedCore Ltd
PHY00387,Endocrinology,NC,2024-03-15,253.39,Royalty,Acme Pharma
PHY00078,Neurology,OH,2025-08-24,330.15,Royalty,BioGen Solutions
PHY00328,General Practice,MI,2024-06-27,123.74,Meal,MedCore Ltd
PHY00224,Neurology,OH,2025-12-26,841.64,Royalty,MedCore Ltd
PHY00035,Rheumatology,NC,2025-01-13,697.0,Travel & Lodging,NovaHealth Inc
PHY00237,Rheumatology,MI,2025-09-07,227.27,Consulting Fee,BioGen Solutions
PHY00331,Cardiology,IL,2024-10-24,232.61,Research Payment,Acme Pharma
PHY00178,Endocrinology,GA,2025-07-28,272.96,Consulting Fee,BioGen Solutions
PHY00432,Rheumatology,FL,2025-01-23,2138.46,Travel & Lodging,MedCore Ltd
PHY00175,Psychiatry,MI,2025-03-21,97.68,Research Payment,Acme Pharma
PHY00415,Endocrinology,GA,2024-04-04,13.78,Consulting Fee,MedCore Ltd
PHY00024,Psychiatry,PA,2025-09-19,187.7,Royalty,NovaHealth Inc
PHY00335,Rheumatology,PA,2024-03-19,80.34,Royalty,BioGen Solutions
PHY00271,Rheumatology,NY,2025-07-15,46.41,Travel & Lodging,NovaHealth Inc
PHY00047,Psychiatry,NC,2024-12-26,633.93,Speaker Fee,MedCore Ltd
PHY00488,Neurology,NC,2024-12-17,220.02,Speaker Fee,NovaHealth Inc
PHY00079,General Practice,MI,2024-08-23,286.31,Royalty,Acme Pharma
PHY00349,Psychiatry,IL,2024-04-07,206.44,Research Payment,Acme Pharma
PHY00038,Cardiology,CA,2024-01-14,53.98,Travel & Lodging,NovaHealth Inc
PHY00386,Psychiatry,IL,2024-07-27,890.39,Royalty,Acme Pharma
PHY00340,Neurology,MI,2025-08-19,206.33,Research Payment,Acme Pharma
PHY00022,Pulmonology,CA,2024-10-17,89.03,Speaker Fee,BioGen Solutions
PHY00130,Neurology,GA,2024-05-11,396.96,Research Payment,BioGen Solutions
PHY00482,Rheumatology,OH,2025-01-24,685.63,Research Payment,MedCore Ltd
PHY00448,Rheumatology,IL,2025-06-11,139.54,Travel & Lodging,Acme Pharma
PHY00165,Oncology,FL,2025-05-02,950.96,Speaker Fee,Acme Pharma
PHY00363,Cardiology,MI,2025-09-03,225.92,Royalty,MedCore Ltd
PHY00214,General Practice,FL,2024-10-04,474.22,Travel & Lodging,NovaHealth Inc
PHY00097,Oncology,IL,2025-06-13,568.63,Consulting Fee,BioGen Solutions
PHY00097,Oncology,IL,2025-05-27,254.85,Speaker Fee,BioGen Solutions
PHY00171,Psychiatry,NC,2024-02-28,70.09,Consulting Fee,MedCore Ltd
PHY00106,Oncology,IL,2024-04-14,343.66,Royalty,MedCore Ltd
PHY00290,Psychiatry,TX,2025-08-21,299.68,Speaker Fee,NovaHealth Inc
PHY00472,Psychiatry,PA,2024-02-25,105.19,Royalty,Acme Pharma
PHY00113,Psychiatry,OH,2024-08-16,314.59,Travel & Lodging,BioGen Solutions
PHY00189,General Practice,CA,2025-03-01,355.58,Royalty,BioGen Solutions
PHY00286,Endocrinology,NY,2025-12-08,410.11,Travel & Lodging,BioGen Solutions
PHY00248,Cardiology,PA,2024-05-25,329.62,Royalty,Acme Pharma
PHY00052,Rheumatology,PA,2024-12-28,34.79,Research Payment,Acme Pharma
PHY00474,Neurology,OH,2025-06-04,543.29,Meal,MedCore Ltd
PHY00411,Endocrinology,CA,2024-03-05,126.03,Royalty,Acme Pharma
PHY00369,Endocrinology,NY,2025-06-19,49.06,Royalty,BioGen Solutions
PHY00185,Cardiology,OH,2025-09-02,296.39,Royalty,NovaHealth Inc
PHY00477,Cardiology,MI,2025-06-17,335.87,Consulting Fee,BioGen Solutions
PHY00158,Oncology,MI,2024-04-21,1862.96,Speaker Fee,BioGen Solutions
PHY00122,Pulmonology,FL,2024-09-29,944.67,Royalty,MedCore Ltd
PHY00278,Rheumatology,IL,2025-07-21,58.03,Travel & Lodging,Acme Pharma
PHY00428,Neurology,OH,2025-04-26,304.08,Research Payment,Acme Pharma
PHY00179,Cardiology,NY,2024-08-06,1169.03,Research Payment,Acme Pharma
PHY00016,Pulmonology,TX,2025-05-06,94.37,Speaker Fee,MedCore Ltd
PHY00476,Psychiatry,TX,2024-03-05,8.76,Meal,NovaHealth Inc
PHY00192,Endocrinology,NC,2024-06-19,260.92,Meal,BioGen Solutions
PHY00162,Cardiology,NY,2025-03-27,327.51,Royalty,NovaHealth Inc
PHY00016,Pulmonology,TX,2024-11-22,1755.36,Speaker Fee,Acme Pharma
PHY00081,General Practice,MI,2025-04-29,604.47,Meal,NovaHealth Inc
PHY00150,Psychiatry,TX,2024-12-05,94.55,Speaker Fee,NovaHealth Inc
PHY00211,General Practice,IL,2024-02-14,367.55,Consulting Fee,BioGen Solutions
PHY00023,Oncology,NC,2025-02-13,108.29,Travel & Lodging,NovaHealth Inc
PHY00097,Oncology,IL,2025-07-01,91.0,Research Payment,BioGen Solutions
PHY00192,Endocrinology,NC,2024-08-06,151.43,Royalty,BioGen Solutions
PHY00208,Neurology,NY,2024-11-29,338.04,Research Payment,NovaHealth Inc
PHY00035,Rheumatology,NC,2024-03-19,1368.47,Consulting Fee,Acme Pharma
PHY00169,General Practice,GA,2025-10-24,1287.91,Travel & Lodging,NovaHealth Inc
PHY00032,Cardiology,GA,2024-10-13,54.64,Royalty,BioGen Solutions
PHY00010,Oncology,NY,2025-08-05,64.74,Speaker Fee,NovaHealth Inc
PHY00158,Oncology,MI,2024-05-05,145.27,Travel & Lodging,BioGen Solutions
PHY00495,Pulmonology,OH,2025-11-12,39.69,Travel & Lodging,MedCore Ltd
PHY00204,Cardiology,NY,2024-02-25,605.55,Royalty,BioGen Solutions
PHY00284,General Practice,IL,2025-12-21,4942.07,Royalty,BioGen Solutions
PHY00498,Neurology,NC,2025-03-17,165.09,Meal,NovaHealth Inc
PHY00447,Endocrinology,PA,2025-12-15,639.89,Speaker Fee,Acme Pharma
PHY00101,General Practice,MI,2024-06-24,118.51,Research Payment,MedCore Ltd
PHY00424,Endocrinology,IL,2024-12-31,46.52,Consulting Fee,Acme Pharma
PHY00216,Pulmonology,FL,2024-08-16,166.94,Meal,NovaHealth Inc
PHY00472,Psychiatry,PA,2025-10-10,896.67,Meal,Acme Pharma
PHY00273,Psychiatry,CA,2024-04-26,2323.16,Speaker Fee,BioGen Solutions
PHY00341,Endocrinology,NC,2025-10-22,1707.66,Speaker Fee,BioGen Solutions
PHY00413,Rheumatology,FL,2024-05-31,80.39,Research Payment,NovaHealth Inc
PHY00017,Neurology,MI,2024-03-13,882.83,Royalty,Acme Pharma
PHY00157,General Practice,GA,2024-05-11,765.11,Consulting Fee,Acme Pharma
PHY00079,General Practice,MI,2024-06-03,327.54,Meal,Acme Pharma
PHY00247,Cardiology,CA,2025-06-14,236.98,Speaker Fee,NovaHealth Inc
PHY00174,Neurology,FL,2024-04-01,85.77,Consulting Fee,NovaHealth Inc
PHY00480,Neurology,OH,2025-11-23,27.86,Meal,Acme Pharma
PHY00184,Endocrinology,CA,2025-10-04,436.89,Travel & Lodging,Acme Pharma
PHY00055,General Practice,MI,2025-10-27,1024.92,Research Payment,NovaHealth Inc
PHY00263,Pulmonology,NY,2024-02-15,125.67,Royalty,MedCore Ltd
PHY00400,Cardiology,TX,2025-02-11,164.16,Consulting Fee,Acme Pharma
PHY00266,Oncology,FL,2024-04-27,909.08,Speaker Fee,MedCore Ltd
PHY00157,General Practice,GA,2025-05-01,1200.53,Consulting Fee,NovaHealth Inc
PHY00299,Pulmonology,NC,2025-10-27,45.23,Speaker Fee,NovaHealth Inc
PHY00199,Pulmonology,PA,2024-06-09,212.76,Travel & Lodging,MedCore Ltd
PHY00068,Cardiology,OH,2025-04-03,1804.0,Speaker Fee,NovaHealth Inc
PHY00108,Neurology,FL,2024-10-12,3703.78,Royalty,NovaHealth Inc
PHY00236,Neurology,GA,2024-10-08,554.75,Research Payment,MedCore Ltd
PHY00304,Rheumatology,IL,2025-07-31,235.92,Research Payment,BioGen Solutions
PHY00337,Pulmonology,TX,2024-09-10,216.39,Meal,NovaHealth Inc
PHY00084,Psychiatry,NC,2024-10-02,547.76,Meal,MedCore Ltd
PHY00322,Pulmonology,PA,2025-05-26,1530.94,Meal,NovaHealth Inc
PHY00272,Psychiatry,NC,2024-12-04,1095.98,Royalty,Acme Pharma
PHY00192,Endocrinology,NC,2024-12-21,49.44,Royalty,NovaHealth Inc
PHY00012,General Practice,GA,2024-06-28,385.67,Travel & Lodging,MedCore Ltd
PHY00071,Oncology,TX,2025-04-24,1070.91,Travel & Lodging,NovaHealth Inc
PHY00084,Psychiatry,NC,2024-06-03,1273.8,Travel & Lodging,NovaHealth Inc
PHY00069,Neurology,GA,2025-06-18,65.62,Research Payment,Acme Pharma
PHY00009,General Practice,MI,2024-09-27,145.7,Speaker Fee,Acme Pharma
PHY00328,General Practice,MI,2024-05-28,102.23,Consulting Fee,BioGen Solutions
PHY00422,Oncology,TX,2025-09-09,101.7,Royalty,BioGen Solutions
PHY00014,Endocrinology,PA,2025-10-13,2364.99,Royalty,MedCore Ltd
PHY00119,Psychiatry,MI,2024-08-25,1184.59,Consulting Fee,Acme Pharma
PHY00451,Rheumatology,IL,2025-05-30,286.58,Speaker Fee,Acme Pharma
PHY00354,Psychiatry,IL,2024-04-15,482.74,Speaker Fee,Acme Pharma
PHY00019,Psychiatry,MI,2025-10-03,351.16,Meal,Acme Pharma
PHY00330,Psychiatry,TX,2025-01-26,203.53,Consulting Fee,BioGen Solutions
PHY00140,Cardiology,NY,2024-01-02,20.66,Speaker Fee,BioGen Solutions
PHY00124,General Practice,FL,2024-11-04,652.11,Meal,Acme Pharma
PHY00362,Cardiology,MI,2025-04-04,499.56,Research Payment,NovaHealth Inc
PHY00240,Psychiatry,MI,2025-03-13,604.35,Meal,NovaHealth Inc
PHY00478,Psychiatry,GA,2025-11-09,513.21,Meal,MedCore Ltd
PHY00343,Endocrinology,CA,2024-05-14,821.13,Royalty,NovaHealth Inc
PHY00189,General Practice,CA,2025-07-09,78.03,Royalty,MedCore Ltd
PHY00330,Psychiatry,TX,2025-01-09,119.42,Travel & Lodging,NovaHealth Inc
PHY00120,Pulmonology,PA,2025-12-12,299.71,Research Payment,MedCore Ltd
PHY00070,Rheumatology,FL,2024-02-26,217.03,Travel & Lodging,NovaHealth Inc
PHY00440,Endocrinology,MI,2024-12-17,36.06,Meal,MedCore Ltd
PHY00298,General Practice,OH,2024-10-09,579.03,Speaker Fee,MedCore Ltd
PHY00234,Neurology,PA,2024-01-25,128.7,Travel & Lodging,BioGen Solutions
PHY00226,Oncology,IL,2024-02-26,1005.31,Speaker Fee,BioGen Solutions
PHY00417,Pulmonology,MI,2024-08-16,189.6,Speaker Fee,MedCore Ltd
PHY00291,Cardiology,NC,2025-03-10,1847.33,Royalty,NovaHealth Inc
PHY00088,Cardiology,MI,2025-08-06,2236.52,Research Payment,NovaHealth Inc
PHY00172,Pulmonology,IL,2024-11-04,317.63,Travel & Lodging,NovaHealth Inc
PHY00186,Pulmonology,GA,2024-08-05,165.35,Meal,Acme Pharma
PHY00431,Cardiology,GA,2025-06-08,68.23,Travel & Lodging,NovaHealth Inc
PHY00229,Cardiology,TX,2024-10-01,807.75,Speaker Fee,BioGen Solutions
PHY00251,Rheumatology,OH,2024-11-05,78.24,Speaker Fee,Acme Pharma
PHY00112,General Practice,IL,2024-01-05,192.79,Speaker Fee,NovaHealth Inc
PHY00182,General Practice,FL,2024-01-13,68.28,Travel & Lodging,NovaHealth Inc
PHY00250,Endocrinology,CA,2024-09-11,106.34,Meal,NovaHealth Inc
PHY00459,Endocrinology,NC,2024-04-17,215.89,Royalty,MedCore Ltd
PHY00258,Rheumatology,OH,2025-09-30,392.28,Research Payment,BioGen Solutions
PHY00282,Neurology,PA,2024-03-28,176.09,Royalty,MedCore Ltd
PHY00329,Psychiatry,GA,2025-06-27,219.4,Research Payment,Acme Pharma
PHY00005,Endocrinology,TX,2025-04-03,330.42,Research Payment,NovaHealth Inc
PHY00178,Endocrinology,GA,2025-10-16,646.09,Speaker Fee,MedCore Ltd
PHY00127,Oncology,NY,2024-02-09,35.36,Meal,Acme Pharma
PHY00198,Neurology,NC,2025-07-30,96.07,Meal,BioGen Solutions
PHY00108,Neurology,FL,2024-01-26,34.98,Consulting Fee,BioGen Solutions
PHY00487,Endocrinology,NY,2025-04-05,165.53,Travel & Lodging,MedCore Ltd
PHY00478,Psychiatry,GA,2024-07-07,121.01,Meal,MedCore Ltd
PHY00090,Oncology,TX,2024-12-22,806.9,Consulting Fee,MedCore Ltd
PHY00009,General Practice,MI,2025-06-07,1891.92,Meal,MedCore Ltd
PHY00099,Rheumatology,OH,2024-07-15,56.04,Speaker Fee,NovaHealth Inc
PHY00226,Oncology,IL,2025-09-06,299.0,Royalty,BioGen Solutions
PHY00042,General Practice,TX,2025-02-25,403.78,Meal,Acme Pharma
PHY00033,Neurology,MI,2024-03-11,829.83,Travel & Lodging,NovaHealth Inc
PHY00171,Psychiatry,NC,2025-01-11,616.65,Royalty,BioGen Solutions
PHY00261,Cardiology,NY,2024-08-08,40.44,Meal,NovaHealth Inc
PHY00004,General Practice,NY,2024-10-07,96.1,Meal,NovaHealth Inc
PHY00420,Rheumatology,GA,2024-04-10,867.69,Speaker Fee,BioGen Solutions
PHY00419,Psychiatry,FL,2025-05-24,195.53,Consulting Fee,BioGen Solutions
PHY00226,Oncology,IL,2024-04-14,171.2,Research Payment,NovaHealth Inc
PHY00207,Psychiatry,FL,2024-01-28,5352.31,Speaker Fee,MedCore Ltd
PHY00076,Oncology,NY,2025-09-19,182.87,Speaker Fee,Acme Pharma
PHY00368,Oncology,CA,2024-09-07,25.33,Travel & Lodging,MedCore Ltd
PHY00419,Psychiatry,FL,2025-11-16,1846.82,Royalty,MedCore Ltd
PHY00433,Pulmonology,GA,2024-02-28,812.43,Consulting Fee,MedCore Ltd
PHY00199,Pulmonology,PA,2024-08-02,174.48,Travel & Lodging,BioGen Solutions
PHY00098,Neurology,PA,2025-12-28,275.39,Consulting Fee,MedCore Ltd
PHY00474,Neurology,OH,2024-03-20,2086.09,Travel & Lodging,MedCore Ltd
PHY00464,Cardiology,MI,2025-04-22,349.49,Meal,NovaHealth Inc
PHY00420,Rheumatology,GA,2025-12-07,131.93,Consulting Fee,NovaHealth Inc
PHY00124,General Practice,FL,2025-08-10,327.75,Research Payment,MedCore Ltd
PHY00196,Oncology,CA,2024-02-13,460.28,Research Payment,MedCore Ltd
PHY00207,Psychiatry,FL,2024-05-30,137.98,Meal,MedCore Ltd
PHY00165,Oncology,FL,2024-05-24,968.18,Royalty,Acme Pharma
PHY00402,Neurology,TX,2024-07-24,217.55,Royalty,MedCore Ltd
PHY00356,General Practice,NY,2025-04-12,203.7,Consulting Fee,MedCore Ltd
PHY00117,Cardiology,OH,2025-08-02,1495.02,Travel & Lodging,NovaHealth Inc
PHY00194,General Practice,NC,2024-11-20,239.47,Consulting Fee,Acme Pharma
PHY00231,Rheumatology,MI,2025-03-28,191.42,Speaker Fee,NovaHealth Inc
PHY00010,Oncology,NY,2024-12-23,1218.49,Research Payment,MedCore Ltd
PHY00193,Cardiology,NY,2025-08-26,76.98,Consulting Fee,BioGen Solutions
PHY00078,Neurology,OH,2024-03-25,213.47,Consulting Fee,Acme Pharma
PHY00058,Cardiology,IL,2025-11-27,266.73,Royalty,BioGen Solutions
PHY00308,Oncology,MI,2025-03-20,224.6,Travel & Lodging,MedCore Ltd
PHY00306,Pulmonology,MI,2025-11-03,583.78,Research Payment,NovaHealth Inc
PHY00097,Oncology,IL,2025-03-21,1142.43,Speaker Fee,MedCore Ltd
PHY00266,Oncology,FL,2024-04-04,13.31,Royalty,Acme Pharma
PHY00385,Pulmonology,PA,2024-03-11,913.02,Royalty,BioGen Solutions
PHY00372,Psychiatry,CA,2025-04-30,37.38,Royalty,Acme Pharma
PHY00156,Oncology,MI,2025-05-31,327.8,Royalty,Acme Pharma
PHY00093,Oncology,GA,2024-01-19,66.14,Consulting Fee,Acme Pharma
PHY00237,Rheumatology,MI,2025-01-21,151.71,Travel & Lodging,Acme Pharma
PHY00127,Oncology,NY,2024-08-24,1014.8,Royalty,Acme Pharma
PHY00055,General Practice,MI,2025-03-11,2182.42,Royalty,BioGen Solutions
PHY00373,Oncology,GA,2025-05-11,183.92,Consulting Fee,Acme Pharma
PHY00322,Pulmonology,PA,2024-10-01,166.57,Speaker Fee,BioGen Solutions
PHY00062,General Practice,IL,2025-09-03,252.07,Travel & Lodging,Acme Pharma
PHY00325,Rheumatology,IL,2025-02-26,418.61,Research Payment,MedCore Ltd
PHY00486,Rheumatology,NY,2025-12-09,169.1,Royalty,MedCore Ltd
PHY00196,Oncology,CA,2025-12-28,223.26,Royalty,Acme Pharma
PHY00146,General Practice,CA,2024-02-26,204.99,Travel & Lodging,MedCore Ltd
PHY00210,Pulmonology,IL,2025-06-12,355.47,Consulting Fee,Acme Pharma
PHY00335,Rheumatology,PA,2024-10-14,370.27,Meal,Acme Pharma
PHY00271,Rheumatology,NY,2025-11-30,374.85,Travel & Lodging,Acme Pharma
PHY00076,Oncology,NY,2025-10-21,1260.78,Consulting Fee,Acme Pharma
PHY00433,Pulmonology,GA,2024-04-18,31.17,Travel & Lodging,MedCore Ltd
PHY00446,Endocrinology,MI,2024-04-12,254.37,Meal,NovaHealth Inc
PHY00146,General Practice,CA,2024-01-27,785.65,Consulting Fee,Acme Pharma
PHY00082,Neurology,IL,2025-03-03,1169.25,Royalty,BioGen Solutions
PHY00254,Pulmonology,FL,2024-06-10,98.64,Royalty,BioGen Solutions
PHY00393,Psychiatry,NY,2025-12-13,183.97,Royalty,MedCore Ltd
PHY00255,Cardiology,PA,2024-06-27,608.76,Meal,MedCore Ltd
PHY00409,Neurology,MI,2025-02-15,172.41,Meal,NovaHealth Inc
PHY00235,Neurology,OH,2025-12-18,63.72,Meal,Acme Pharma
PHY00166,Cardiology,MI,2024-11-06,746.42,Meal,BioGen Solutions
PHY00088,Cardiology,MI,2024-08-04,47.93,Meal,NovaHealth Inc
PHY00133,Cardiology,GA,2025-09-11,66.97,Speaker Fee,NovaHealth Inc
PHY00358,Psychiatry,OH,2025-01-14,225.48,Speaker Fee,BioGen Solutions
PHY00478,Psychiatry,GA,2024-04-17,378.71,Speaker Fee,Acme Pharma
PHY00196,Oncology,CA,2024-11-22,983.64,Meal,BioGen Solutions
PHY00487,Endocrinology,NY,2024-04-28,786.6,Speaker Fee,NovaHealth Inc
PHY00498,Neurology,NC,2025-04-30,1682.2,Royalty,NovaHealth Inc
PHY00357,Oncology,IL,2025-02-19,83.34,Travel & Lodging,BioGen Solutions
PHY00214,General Practice,FL,2024-03-14,39.56,Research Payment,MedCore Ltd
PHY00322,Pulmonology,PA,2024-01-04,219.84,Speaker Fee,BioGen Solutions
PHY00088,Cardiology,MI,2025-06-12,728.53,Speaker Fee,Acme Pharma
PHY00219,Psychiatry,NC,2025-12-17,93.77,Travel & Lodging,Acme Pharma
PHY00024,Psychiatry,PA,2025-04-30,114.89,Royalty,BioGen Solutions
PHY00479,Cardiology,NY,2024-02-25,588.95,Meal,Acme Pharma
PHY00296,Neurology,PA,2025-04-05,276.45,Travel & Lodging,NovaHealth Inc
PHY00273,Psychiatry,CA,2025-02-23,277.77,Consulting Fee,BioGen Solutions
PHY00337,Pulmonology,TX,2025-08-11,31.02,Travel & Lodging,BioGen Solutions
PHY00474,Neurology,OH,2025-06-17,81.5,Travel & Lodging,BioGen Solutions
PHY00323,Neurology,TX,2024-08-14,961.39,Speaker Fee,Acme Pharma
PHY00057,Psychiatry,PA,2024-02-09,4908.09,Royalty,MedCore Ltd
PHY00128,Cardiology,MI,2024-06-21,2099.63,Research Payment,MedCore Ltd
PHY00394,Psychiatry,OH,2024-04-25,292.02,Speaker Fee,BioGen Solutions
PHY00200,Endocrinology,NY,2025-06-26,231.17,Speaker Fee,NovaHealth Inc
PHY00297,Rheumatology,NY,2025-03-22,36.65,Meal,Acme Pharma
PHY00226,Oncology,IL,2025-04-08,65.39,Consulting Fee,Acme Pharma
PHY00395,Endocrinology,PA,2024-11-21,214.95,Research Payment,BioGen Solutions
PHY00091,Psychiatry,PA,2024-03-10,505.54,Meal,Acme Pharma
PHY00335,Rheumatology,PA,2025-01-03,170.75,Research Payment,MedCore Ltd
PHY00165,Oncology,FL,2024-02-18,119.59,Research Payment,BioGen Solutions
PHY00274,Psychiatry,NC,2024-06-14,3033.67,Royalty,Acme Pharma
PHY00293,Cardiology,CA,2025-04-22,25.14,Speaker Fee,BioGen Solutions
PHY00176,Rheumatology,IL,2024-10-26,242.48,Speaker Fee,BioGen Solutions
PHY00225,Oncology,MI,2024-01-16,268.95,Consulting Fee,MedCore Ltd
PHY00315,Endocrinology,PA,2025-01-09,866.71,Meal,Acme Pharma
PHY00231,Rheumatology,MI,2024-10-27,617.29,Royalty,NovaHealth Inc
PHY00493,Cardiology,NC,2024-05-07,1172.33,Speaker Fee,BioGen Solutions
PHY00053,Endocrinology,CA,2024-07-05,488.38,Speaker Fee,Acme Pharma
PHY00399,Psychiatry,TX,2024-08-11,204.52,Speaker Fee,MedCore Ltd
PHY00351,Neurology,PA,2024-05-26,82.83,Research Payment,NovaHealth Inc
PHY00179,Cardiology,NY,2024-02-08,762.28,Meal,NovaHealth Inc
PHY00003,Pulmonology,CA,2024-03-04,1787.5,Royalty,NovaHealth Inc
PHY00203,General Practice,NC,2025-02-14,922.18,Consulting Fee,Acme Pharma
PHY00039,Cardiology,GA,2024-04-11,439.12,Consulting Fee,BioGen Solutions
PHY00099,Rheumatology,OH,2024-10-17,885.64,Meal,BioGen Solutions
PHY00385,Pulmonology,PA,2024-10-07,459.33,Travel & Lodging,NovaHealth Inc
PHY00210,Pulmonology,IL,2024-05-05,1472.18,Meal,Acme Pharma
PHY00448,Rheumatology,IL,2025-08-03,212.97,Royalty,Acme Pharma
PHY00415,Endocrinology,GA,2024-01-10,960.58,Speaker Fee,MedCore Ltd
PHY00164,Neurology,OH,2025-05-16,192.34,Consulting Fee,BioGen Solutions
PHY00458,Psychiatry,MI,2025-01-23,465.01,Royalty,NovaHealth Inc
PHY00189,General Practice,CA,2024-12-11,74.47,Research Payment,NovaHealth Inc
PHY00271,Rheumatology,NY,2024-05-02,738.57,Consulting Fee,MedCore Ltd
PHY00421,Oncology,IL,2024-09-15,28.86,Research Payment,NovaHealth Inc
PHY00438,Psychiatry,NY,2024-06-03,16.83,Royalty,NovaHealth Inc
PHY00186,Pulmonology,GA,2024-12-23,355.32,Royalty,Acme Pharma
PHY00200,Endocrinology,NY,2025-01-05,36.8,Royalty,BioGen Solutions
PHY00341,Endocrinology,NC,2025-03-23,280.74,Royalty,BioGen Solutions
PHY00498,Neurology,NC,2024-09-05,2128.54,Research Payment,MedCore Ltd
PHY00265,Endocrinology,MI,2024-09-27,925.21,Royalty,MedCore Ltd
PHY00292,Endocrinology,CA,2024-03-24,642.73,Research Payment,NovaHealth Inc
PHY00037,Neurology,FL,2024-12-07,209.18,Research Payment,MedCore Ltd
PHY00102,Oncology,NY,2025-02-15,482.47,Royalty,BioGen Solutions
PHY00014,Endocrinology,PA,2025-01-07,61.04,Travel & Lodging,MedCore Ltd
PHY00461,Oncology,PA,2025-08-24,49.41,Research Payment,BioGen Solutions
PHY00305,Oncology,GA,2024-08-07,794.21,Speaker Fee,BioGen Solutions
PHY00042,General Practice,TX,2025-11-06,951.43,Consulting Fee,BioGen Solutions
PHY00058,Cardiology,IL,2025-06-20,519.7,Speaker Fee,NovaHealth Inc
PHY00436,Psychiatry,NC,2025-10-26,1249.73,Royalty,Acme Pharma
PHY00067,Neurology,NY,2024-01-06,2300.01,Speaker Fee,NovaHealth Inc
PHY00082,Neurology,IL,2025-08-21,1087.77,Speaker Fee,MedCore Ltd
PHY00150,Psychiatry,TX,2025-02-07,140.7,Consulting Fee,Acme Pharma
PHY00209,Rheumatology,MI,2024-04-26,606.6,Meal,Acme Pharma
PHY00478,Psychiatry,GA,2024-04-14,456.96,Travel & Lodging,MedCore Ltd
PHY00470,Neurology,FL,2025-05-06,91.7,Research Payment,NovaHealth Inc
PHY00333,Neurology,GA,2025-03-24,543.44,Travel & Lodging,NovaHealth Inc
PHY00207,Psychiatry,FL,2024-09-27,97.71,Consulting Fee,NovaHealth Inc
PHY00267,Neurology,GA,2025-12-05,93.11,Travel & Lodging,Acme Pharma
PHY00483,Pulmonology,TX,2025-01-31,890.89,Speaker Fee,BioGen Solutions
PHY00466,General Practice,CA,2025-04-26,77.44,Travel & Lodging,BioGen Solutions
PHY00259,Psychiatry,MI,2025-12-16,48.28,Consulting Fee,NovaHealth Inc
PHY00161,General Practice,TX,2024-06-24,560.35,Meal,MedCore Ltd
PHY00498,Neurology,NC,2025-09-20,336.55,Meal,MedCore Ltd
PHY00028,Oncology,MI,2024-11-28,80.36,Royalty,NovaHealth Inc
PHY00036,Pulmonology,FL,2025-03-14,120.44,Consulting Fee,MedCore Ltd
PHY00314,General Practice,FL,2025-08-17,148.28,Royalty,MedCore Ltd
PHY00107,Rheumatology,CA,2024-04-18,369.76,Meal,Acme Pharma
PHY00181,Pulmonology,NY,2024-12-21,136.29,Consulting Fee,NovaHealth Inc
PHY00022,Pulmonology,CA,2024-03-06,888.2,Research Payment,MedCore Ltd
PHY00384,Pulmonology,CA,2025-09-06,178.94,Meal,BioGen Solutions
PHY00243,Neurology,IL,2024-03-13,55.35,Royalty,Acme Pharma
PHY00101,General Practice,MI,2025-05-28,905.59,Travel & Lodging,Acme Pharma
PHY00099,Rheumatology,OH,2025-05-09,1032.62,Travel & Lodging,MedCore Ltd
PHY00002,Neurology,OH,2024-10-23,285.01,Meal,MedCore Ltd
PHY00029,Psychiatry,NY,2025-01-25,271.61,Royalty,BioGen Solutions
PHY00012,General Practice,GA,2025-01-23,381.55,Consulting Fee,MedCore Ltd
PHY00100,Pulmonology,NY,2025-10-19,493.33,Consulting Fee,NovaHealth Inc
PHY00185,Cardiology,OH,2024-01-29,1302.21,Royalty,MedCore Ltd
PHY00170,Rheumatology,FL,2024-06-05,669.96,Research Payment,MedCore Ltd
PHY00082,Neurology,IL,2025-03-16,200.12,Royalty,Acme Pharma
PHY00362,Cardiology,MI,2025-12-22,307.13,Speaker Fee,BioGen Solutions
PHY00020,Endocrinology,CA,2025-07-23,203.68,Consulting Fee,MedCore Ltd
PHY00052,Rheumatology,PA,2025-06-03,99.51,Meal,NovaHealth Inc
PHY00236,Neurology,GA,2025-01-08,267.29,Travel & Lodging,NovaHealth Inc
PHY00114,Rheumatology,FL,2024-07-22,207.43,Research Payment,BioGen Solutions
PHY00474,Neurology,OH,2025-11-27,149.66,Speaker Fee,NovaHealth Inc
PHY00003,Pulmonology,CA,2025-03-05,183.32,Meal,Acme Pharma
PHY00179,Cardiology,NY,2024-05-20,397.5,Meal,BioGen Solutions
PHY00130,Neurology,GA,2024-12-17,81.88,Speaker Fee,Acme Pharma
PHY00110,General Practice,MI,2025-08-03,2061.74,Travel & Lodging,BioGen Solutions
PHY00473,Endocrinology,MI,2024-06-10,140.76,Research Payment,NovaHealth Inc
PHY00071,Oncology,TX,2025-03-29,32.08,Travel & Lodging,NovaHealth Inc
PHY00313,Neurology,NC,2024-05-05,563.9,Research Payment,NovaHealth Inc
PHY00299,Pulmonology,NC,2024-07-06,743.8,Consulting Fee,MedCore Ltd
PHY00450,Rheumatology,CA,2025-06-06,321.95,Speaker Fee,NovaHealth Inc
PHY00146,General Practice,CA,2025-08-19,170.39,Meal,NovaHealth Inc
PHY00181,Pulmonology,NY,2025-11-29,269.72,Royalty,NovaHealth Inc
PHY00491,Psychiatry,MI,2024-09-11,404.3,Speaker Fee,Acme Pharma
PHY00367,Rheumatology,NC,2024-11-24,63.61,Travel & Lodging,MedCore Ltd
PHY00488,Neurology,NC,2024-10-07,56.19,Travel & Lodging,BioGen Solutions
PHY00411,Endocrinology,CA,2025-07-05,1145.71,Speaker Fee,BioGen Solutions
PHY00190,Rheumatology,OH,2024-03-23,183.55,Meal,Acme Pharma
PHY00289,Cardiology,NC,2024-08-16,247.28,Travel & Lodging,Acme Pharma
PHY00367,Rheumatology,NC,2025-06-11,375.22,Meal,MedCore Ltd
PHY00133,Cardiology,GA,2024-04-15,1111.9,Meal,Acme Pharma
PHY00453,Rheumatology,MI,2025-11-19,38.32,Research Payment,MedCore Ltd
PHY00161,General Practice,TX,2025-09-10,128.1,Consulting Fee,BioGen Solutions
PHY00018,Psychiatry,TX,2024-04-26,42.2,Consulting Fee,NovaHealth Inc
PHY00176,Rheumatology,IL,2025-02-25,1185.33,Speaker Fee,Acme Pharma
PHY00134,Pulmonology,OH,2025-07-11,1630.51,Meal,NovaHealth Inc
PHY00273,Psychiatry,CA,2025-03-21,552.33,Research Payment,NovaHealth Inc
PHY00070,Rheumatology,FL,2024-05-29,67.28,Meal,BioGen Solutions
PHY00398,Rheumatology,TX,2024-10-04,6.64,Travel & Lodging,BioGen Solutions
PHY00432,Rheumatology,FL,2025-03-30,50.19,Travel & Lodging,Acme Pharma
PHY00079,General Practice,MI,2024-02-21,199.24,Speaker Fee,Acme Pharma
PHY00269,General Practice,OH,2024-08-13,113.3,Royalty,BioGen Solutions
PHY00490,Pulmonology,IL,2025-09-23,1805.19,Travel & Lodging,NovaHealth Inc
PHY00247,Cardiology,CA,2025-03-07,1335.62,Speaker Fee,BioGen Solutions
PHY00329,Psychiatry,GA,2025-01-06,689.17,Meal,Acme Pharma
PHY00323,Neurology,TX,2025-10-12,197.48,Consulting Fee,BioGen Solutions
PHY00092,Neurology,NC,2025-07-28,26.69,Research Payment,NovaHealth Inc
PHY00012,General Practice,GA,2024-11-28,142.77,Travel & Lodging,NovaHealth Inc
PHY00356,General Practice,NY,2024-05-18,247.25,Speaker Fee,NovaHealth Inc
PHY00029,Psychiatry,NY,2025-05-10,111.87,Speaker Fee,Acme Pharma
PHY00299,Pulmonology,NC,2025-12-20,35.65,Speaker Fee,Acme Pharma
PHY00192,Endocrinology,NC,2025-11-02,53.21,Speaker Fee,NovaHealth Inc
PHY00031,Pulmonology,NC,2024-08-19,54.78,Speaker Fee,Acme Pharma
PHY00195,General Practice,CA,2025-05-20,451.33,Consulting Fee,Acme Pharma
PHY00323,Neurology,TX,2025-05-16,1126.74,Speaker Fee,NovaHealth Inc
PHY00393,Psychiatry,NY,2025-08-21,222.94,Meal,MedCore Ltd
PHY00028,Oncology,MI,2025-03-04,267.42,Consulting Fee,BioGen Solutions
PHY00379,Oncology,TX,2025-11-10,61.99,Meal,NovaHealth Inc
PHY00248,Cardiology,PA,2024-10-28,113.82,Royalty,BioGen Solutions
PHY00158,Oncology,MI,2024-03-09,269.76,Travel & Lodging,BioGen Solutions
PHY00497,Endocrinology,MI,2025-12-28,233.81,Consulting Fee,BioGen Solutions
PHY00094,Rheumatology,IL,2024-06-22,255.99,Travel & Lodging,NovaHealth Inc
PHY00359,Cardiology,IL,2024-04-10,176.23,Research Payment,NovaHealth Inc
PHY00389,Cardiology,OH,2025-11-22,21.34,Research Payment,NovaHealth Inc
PHY00148,Endocrinology,GA,2025-06-20,3086.58,Speaker Fee,Acme Pharma
PHY00416,Cardiology,CA,2024-01-26,58.75,Consulting Fee,Acme Pharma
PHY00307,Neurology,FL,2024-01-13,230.48,Travel & Lodging,MedCore Ltd
PHY00048,General Practice,MI,2025-01-05,1109.0,Speaker Fee,NovaHealth Inc
PHY00359,Cardiology,IL,2024-07-23,557.52,Consulting Fee,BioGen Solutions
PHY00438,Psychiatry,NY,2025-01-21,512.59,Research Payment,MedCore Ltd
PHY00104,Neurology,PA,2024-06-09,301.32,Speaker Fee,MedCore Ltd
PHY00016,Pulmonology,TX,2025-05-12,84.81,Speaker Fee,BioGen Solutions
PHY00089,Neurology,CA,2024-09-12,70.21,Royalty,MedCore Ltd
PHY00368,Oncology,CA,2024-06-20,391.56,Speaker Fee,Acme Pharma
PHY00188,General Practice,IL,2025-05-21,110.72,Speaker Fee,BioGen Solutions
PHY00292,Endocrinology,CA,2024-11-20,624.79,Speaker Fee,Acme Pharma
PHY00146,General Practice,CA,2025-05-30,76.73,Speaker Fee,Acme Pharma
PHY00060,Pulmonology,GA,2024-11-06,59.17,Speaker Fee,Acme Pharma
PHY00151,Endocrinology,NY,2024-03-19,180.67,Consulting Fee,Acme Pharma
PHY00153,Cardiology,NY,2025-02-04,17.17,Speaker Fee,NovaHealth Inc
PHY00093,Oncology,GA,2024-06-06,150.16,Travel & Lodging,Acme Pharma
PHY00359,Cardiology,IL,2025-03-15,65.74,Royalty,Acme Pharma
PHY00231,Rheumatology,MI,2025-05-02,5.41,Speaker Fee,Acme Pharma
PHY00417,Pulmonology,MI,2025-12-01,394.62,Royalty,BioGen Solutions
PHY00120,Pulmonology,PA,2025-09-04,316.91,Speaker Fee,MedCore Ltd
PHY00409,Neurology,MI,2025-12-08,318.48,Research Payment,Acme Pharma
PHY00222,Endocrinology,MI,2025-01-17,168.56,Consulting Fee,MedCore Ltd
PHY00007,Pulmonology,MI,2024-09-28,156.5,Royalty,MedCore Ltd
PHY00291,Cardiology,NC,2024-01-21,546.98,Speaker Fee,BioGen Solutions
PHY00228,Rheumatology,OH,2024-10-14,178.52,Meal,Acme Pharma
PHY00066,Oncology,FL,2025-10-10,36.05,Meal,Acme Pharma
PHY00317,Endocrinology,NC,2024-09-15,26.92,Consulting Fee,Acme Pharma
PHY00198,Neurology,NC,2024-08-13,219.07,Research Payment,NovaHealth Inc
PHY00121,Psychiatry,IL,2025-05-20,162.41,Speaker Fee,BioGen Solutions
PHY00472,Psychiatry,PA,2024-11-10,692.72,Research Payment,NovaHealth Inc
PHY00224,Neurology,OH,2024-09-29,36.6,Speaker Fee,MedCore Ltd
PHY00024,Psychiatry,PA,2024-04-18,280.72,Royalty,BioGen Solutions
PHY00025,Neurology,OH,2024-07-05,270.81,Speaker Fee,Acme Pharma
PHY00282,Neurology,PA,2024-05-16,637.52,Meal,BioGen Solutions
PHY00320,Rheumatology,FL,2024-06-30,155.4,Research Payment,MedCore Ltd
PHY00355,Psychiatry,PA,2024-08-22,291.31,Travel & Lodging,BioGen Solutions
PHY00433,Pulmonology,GA,2025-05-10,1513.76,Travel & Lodging,MedCore Ltd
PHY00015,Psychiatry,OH,2025-02-18,557.63,Travel & Lodging,Acme Pharma
PHY00165,Oncology,FL,2025-04-07,192.47,Meal,NovaHealth Inc
PHY00084,Psychiatry,NC,2024-09-27,330.05,Meal,MedCore Ltd
PHY00214,General Practice,FL,2024-06-14,991.92,Travel & Lodging,MedCore Ltd
PHY00194,General Practice,NC,2024-05-02,462.74,Research Payment,BioGen Solutions
PHY00229,Cardiology,TX,2024-09-30,258.96,Royalty,NovaHealth Inc
PHY00483,Pulmonology,TX,2025-04-27,52.77,Travel & Lodging,BioGen Solutions
PHY00364,Oncology,NY,2025-04-04,471.23,Meal,BioGen Solutions
PHY00295,Oncology,PA,2024-01-21,94.42,Speaker Fee,BioGen Solutions
PHY00015,Psychiatry,OH,2024-07-29,221.59,Meal,MedCore Ltd
PHY00480,Neurology,OH,2024-05-30,3040.3,Research Payment,Acme Pharma
PHY00260,Endocrinology,MI,2025-06-04,355.55,Research Payment,NovaHealth Inc
PHY00146,General Practice,CA,2024-08-30,46.58,Consulting Fee,MedCore Ltd
PHY00337,Pulmonology,TX,2025-07-08,26.74,Research Payment,Acme Pharma
PHY00480,Neurology,OH,2025-10-08,628.11,Royalty,MedCore Ltd
PHY00142,Cardiology,CA,2025-03-03,103.65,Travel & Lodging,NovaHealth Inc
PHY00344,Oncology,CA,2024-08-16,182.55,Royalty,NovaHealth Inc
PHY00168,General Practice,TX,2024-02-16,260.93,Speaker Fee,BioGen Solutions
PHY00116,Neurology,IL,2025-08-27,785.19,Speaker Fee,MedCore Ltd
PHY00379,Oncology,TX,2025-12-22,848.0,Speaker Fee,NovaHealth Inc
PHY00237,Rheumatology,MI,2024-11-04,110.68,Meal,BioGen Solutions
PHY00100,Pulmonology,NY,2024-09-17,170.92,Speaker Fee,Acme Pharma
PHY00293,Cardiology,CA,2024-01-07,132.82,Meal,BioGen Solutions
PHY00190,Rheumatology,OH,2025-04-20,259.43,Royalty,MedCore Ltd
PHY00197,Oncology,FL,2025-01-01,16.97,Speaker Fee,NovaHealth Inc
PHY00404,Cardiology,NC,2025-08-17,1238.1,Travel & Lodging,BioGen Solutions
PHY00263,Pulmonology,NY,2025-12-01,1154.35,Royalty,NovaHealth Inc
PHY00362,Cardiology,MI,2025-02-06,691.11,Speaker Fee,Acme Pharma
PHY00304,Rheumatology,IL,2024-06-21,646.74,Speaker Fee,Acme Pharma
PHY00372,Psychiatry,CA,2025-08-12,223.63,Travel & Lodging,MedCore Ltd
PHY00074,Oncology,CA,2024-07-09,87.44,Meal,BioGen Solutions
PHY00147,Endocrinology,CA,2024-10-10,783.25,Consulting Fee,MedCore Ltd
PHY00394,Psychiatry,OH,2024-12-04,430.79,Royalty,NovaHealth Inc
PHY00259,Psychiatry,MI,2024-04-14,733.67,Meal,NovaHealth Inc
PHY00262,Rheumatology,OH,2025-09-10,220.65,Travel & Lodging,MedCore Ltd
PHY00492,Pulmonology,OH,2024-08-08,300.36,Speaker Fee,Acme Pharma
PHY00225,Oncology,MI,2025-12-14,415.28,Speaker Fee,MedCore Ltd
PHY00183,Rheumatology,TX,2025-12-12,100.71,Royalty,MedCore Ltd
PHY00127,Oncology,NY,2024-04-13,49.33,Research Payment,BioGen Solutions
PHY00480,Neurology,OH,2024-06-03,201.54,Royalty,MedCore Ltd
PHY00288,Pulmonology,FL,2025-12-09,117.75,Consulting Fee,NovaHealth Inc
PHY00264,Cardiology,TX,2025-07-22,181.25,Travel & Lodging,NovaHealth Inc
PHY00199,Pulmonology,PA,2025-04-07,130.08,Research Payment,NovaHealth Inc
PHY00084,Psychiatry,NC,2024-10-07,822.37,Royalty,MedCore Ltd
PHY00482,Rheumatology,OH,2024-10-28,57.24,Royalty,BioGen Solutions
PHY00176,Rheumatology,IL,2024-01-08,259.08,Royalty,NovaHealth Inc
PHY00136,Pulmonology,CA,2025-02-24,198.67,Travel & Lodging,MedCore Ltd
PHY00296,Neurology,PA,2025-06-29,1279.42,Consulting Fee,Acme Pharma
PHY00175,Psychiatry,MI,2024-11-03,281.18,Royalty,MedCore Ltd
PHY00221,Endocrinology,IL,2024-01-09,66.38,Research Payment,Acme Pharma
PHY00186,Pulmonology,GA,2024-07-15,124.73,Speaker Fee,NovaHealth Inc
PHY00248,Cardiology,PA,2024-04-24,9114.79,Consulting Fee,BioGen Solutions
PHY00302,Cardiology,PA,2025-01-26,519.01,Speaker Fee,Acme Pharma
PHY00369,Endocrinology,NY,2024-08-20,85.38,Consulting Fee,Acme Pharma
PHY00177,Endocrinology,NC,2024-08-04,13.66,Travel & Lodging,NovaHealth Inc
PHY00118,Rheumatology,MI,2024-06-12,34.58,Consulting Fee,MedCore Ltd
PHY00118,Rheumatology,MI,2024-09-09,261.47,Royalty,MedCore Ltd
PHY00291,Cardiology,NC,2024-06-28,861.07,Meal,MedCore Ltd
PHY00080,Neurology,IL,2025-10-08,439.36,Royalty,Acme Pharma
PHY00331,Cardiology,IL,2025-03-15,1665.68,Travel & Lodging,BioGen Solutions
PHY00396,Neurology,TX,2024-01-07,590.08,Travel & Lodging,BioGen Solutions
PHY00231,Rheumatology,MI,2025-07-27,257.58,Consulting Fee,NovaHealth Inc
PHY00493,Cardiology,NC,2024-11-28,442.75,Meal,Acme Pharma
PHY00152,Endocrinology,TX,2025-03-03,195.76,Research Payment,NovaHealth Inc
PHY00284,General Practice,IL,2025-10-16,35.9,Consulting Fee,MedCore Ltd
PHY00170,Rheumatology,FL,2024-05-19,56.98,Royalty,BioGen Solutions
PHY00153,Cardiology,NY,2024-11-28,423.05,Research Payment,Acme Pharma
PHY00031,Pulmonology,NC,2024-08-27,464.06,Travel & Lodging,BioGen Solutions
PHY00047,Psychiatry,NC,2025-02-25,81.59,Travel & Lodging,NovaHealth Inc
PHY00109,Rheumatology,IL,2025-11-09,445.37,Royalty,MedCore Ltd
PHY00465,Neurology,FL,2024-02-21,32.11,Travel & Lodging,Acme Pharma
PHY00494,Rheumatology,CA,2024-12-02,20.3,Meal,NovaHealth Inc
PHY00381,Psychiatry,PA,2025-07-29,238.31,Travel & Lodging,NovaHealth Inc
PHY00477,Cardiology,MI,2024-04-23,165.53,Royalty,NovaHealth Inc
PHY00181,Pulmonology,NY,2025-09-08,595.06,Meal,NovaHealth Inc
PHY00415,Endocrinology,GA,2025-03-19,169.66,Consulting Fee,BioGen Solutions
PHY00426,Pulmonology,NY,2025-11-18,859.45,Meal,MedCore Ltd
PHY00345,Endocrinology,TX,2024-04-12,254.09,Speaker Fee,MedCore Ltd
PHY00427,Cardiology,NC,2024-04-25,1684.28,Travel & Lodging,NovaHealth Inc
PHY00230,Pulmonology,NC,2024-06-30,347.99,Consulting Fee,MedCore Ltd
PHY00382,Rheumatology,NY,2024-03-26,133.26,Travel & Lodging,NovaHealth Inc
PHY00184,Endocrinology,CA,2025-09-24,1559.99,Travel & Lodging,MedCore Ltd
PHY00133,Cardiology,GA,2025-10-10,271.09,Speaker Fee,BioGen Solutions
PHY00221,Endocrinology,IL,2025-03-13,770.9,Travel & Lodging,NovaHealth Inc
PHY00104,Neurology,PA,2024-06-09,3982.27,Travel & Lodging,NovaHealth Inc
PHY00428,Neurology,OH,2024-02-03,244.42,Royalty,Acme Pharma
PHY00189,General Practice,CA,2025-10-04,130.88,Travel & Lodging,NovaHealth Inc
PHY00212,General Practice,NY,2025-02-21,2380.93,Research Payment,MedCore Ltd
PHY00219,Psychiatry,NC,2025-03-18,210.82,Royalty,BioGen Solutions
PHY00177,Endocrinology,NC,2024-08-15,84.01,Travel & Lodging,NovaHealth Inc
PHY00326,Rheumatology,NC,2025-01-13,580.04,Consulting Fee,NovaHealth Inc
PHY00175,Psychiatry,MI,2024-10-16,538.09,Royalty,MedCore Ltd
PHY00213,Pulmonology,NC,2025-07-05,1260.22,Travel & Lodging,BioGen Solutions
PHY00082,Neurology,IL,2024-06-29,233.25,Speaker Fee,MedCore Ltd
PHY00432,Rheumatology,FL,2025-11-13,45.37,Consulting Fee,Acme Pharma
PHY00396,Neurology,TX,2024-05-17,73.55,Consulting Fee,MedCore Ltd
PHY00277,Cardiology,PA,2024-10-19,630.03,Meal,MedCore Ltd
PHY00311,Psychiatry,TX,2025-06-20,269.29,Research Payment,NovaHealth Inc
PHY00327,Endocrinology,TX,2024-08-12,60.48,Speaker Fee,MedCore Ltd
PHY00011,Endocrinology,GA,2024-11-24,292.81,Travel & Lodging,NovaHealth Inc
PHY00229,Cardiology,TX,2024-12-09,275.17,Consulting Fee,MedCore Ltd
PHY00290,Psychiatry,TX,2025-03-30,1234.06,Consulting Fee,BioGen Solutions
PHY00034,Oncology,OH,2024-07-14,575.04,Travel & Lodging,Acme Pharma
PHY00194,General Practice,NC,2024-01-16,522.21,Research Payment,MedCore Ltd
PHY00124,General Practice,FL,2025-06-14,339.51,Royalty,MedCore Ltd
PHY00077,Neurology,MI,2024-08-16,727.46,Royalty,Acme Pharma
PHY00026,Rheumatology,MI,2025-08-05,283.77,Consulting Fee,BioGen Solutions
PHY00467,Psychiatry,GA,2024-11-21,102.69,Speaker Fee,BioGen Solutions
PHY00324,Oncology,NY,2025-11-28,244.54,Royalty,Acme Pharma
PHY00313,Neurology,NC,2024-06-13,327.69,Consulting Fee,Acme Pharma
PHY00225,Oncology,MI,2024-05-06,19.84,Consulting Fee,BioGen Solutions
PHY00262,Rheumatology,OH,2025-06-13,685.52,Consulting Fee,Acme Pharma
PHY00357,Oncology,IL,2024-12-05,666.96,Consulting Fee,MedCore Ltd
PHY00195,General Practice,CA,2025-04-10,520.36,Consulting Fee,NovaHealth Inc
PHY00153,Cardiology,NY,2025-05-28,159.36,Royalty,Acme Pharma
PHY00260,Endocrinology,MI,2025-11-06,221.34,Royalty,Acme Pharma
PHY00089,Neurology,CA,2025-10-27,265.98,Meal,Acme Pharma
PHY00270,Endocrinology,CA,2024-02-25,424.99,Meal,Acme Pharma
PHY00220,General Practice,OH,2025-06-03,321.12,Travel & Lodging,Acme Pharma
PHY00275,Cardiology,GA,2024-12-18,7.68,Consulting Fee,BioGen Solutions
PHY00141,Psychiatry,CA,2024-10-15,270.71,Research Payment,NovaHealth Inc
PHY00077,Neurology,MI,2025-02-14,67.24,Travel & Lodging,BioGen Solutions
PHY00115,General Practice,CA,2024-11-14,137.65,Consulting Fee,NovaHealth Inc
PHY00483,Pulmonology,TX,2025-07-13,351.86,Consulting Fee,Acme Pharma
PHY00057,Psychiatry,PA,2025-03-23,312.07,Travel & Lodging,Acme Pharma
PHY00121,Psychiatry,IL,2024-07-20,604.33,Meal,MedCore Ltd
PHY00460,Endocrinology,NC,2025-07-08,123.27,Travel & Lodging,NovaHealth Inc
PHY00249,Cardiology,FL,2024-05-13,374.57,Consulting Fee,MedCore Ltd
PHY00153,Cardiology,NY,2024-05-04,2748.02,Speaker Fee,MedCore Ltd
PHY00051,General Practice,MI,2025-12-28,186.83,Royalty,BioGen Solutions
PHY00106,Oncology,IL,2024-07-11,80.27,Meal,NovaHealth Inc
PHY00036,Pulmonology,FL,2025-12-16,191.1,Speaker Fee,BioGen Solutions
PHY00455,Pulmonology,CA,2025-10-12,123.11,Meal,MedCore Ltd
PHY00287,Cardiology,NY,2024-05-20,3480.28,Consulting Fee,MedCore Ltd
PHY00287,Cardiology,NY,2024-09-09,391.49,Consulting Fee,NovaHealth Inc
PHY00188,General Practice,IL,2025-01-20,602.48,Royalty,BioGen Solutions
PHY00056,Neurology,PA,2024-07-21,536.63,Research Payment,MedCore Ltd
PHY00092,Neurology,NC,2024-05-17,48.49,Speaker Fee,MedCore Ltd
PHY00105,Oncology,NC,2025-08-22,168.99,Speaker Fee,MedCore Ltd
PHY00084,Psychiatry,NC,2024-02-12,91.72,Speaker Fee,Acme Pharma
PHY00395,Endocrinology,PA,2024-03-05,62.77,Speaker Fee,MedCore Ltd
PHY00257,General Practice,PA,2025-04-11,1099.98,Research Payment,MedCore Ltd
PHY00324,Oncology,NY,2025-01-30,96.08,Royalty,MedCore Ltd
PHY00082,Neurology,IL,2025-10-02,158.33,Royalty,MedCore Ltd
PHY00453,Rheumatology,MI,2025-12-15,86.27,Meal,BioGen Solutions
PHY00311,Psychiatry,TX,2025-04-05,455.86,Royalty,NovaHealth Inc
PHY00194,General Practice,NC,2024-12-01,4391.69,Royalty,NovaHealth Inc
PHY00321,Psychiatry,NY,2025-05-11,7398.73,Royalty,BioGen Solutions
PHY00042,General Practice,TX,2024-10-11,1737.91,Travel & Lodging,BioGen Solutions
PHY00500,Neurology,FL,2024-05-17,113.38,Speaker Fee,NovaHealth Inc
PHY00416,Cardiology,CA,2025-03-01,539.62,Speaker Fee,BioGen Solutions
PHY00385,Pulmonology,PA,2024-02-25,37.91,Consulting Fee,NovaHealth Inc
PHY00376,Neurology,OH,2024-11-03,1402.92,Travel & Lodging,Acme Pharma
PHY00022,Pulmonology,CA,2024-04-19,2741.99,Research Payment,MedCore Ltd
PHY00393,Psychiatry,NY,2024-04-14,480.44,Royalty,NovaHealth Inc
PHY00204,Cardiology,NY,2024-10-25,72.66,Research Payment,MedCore Ltd
PHY00385,Pulmonology,PA,2025-01-05,647.16,Research Payment,BioGen Solutions
PHY00211,General Practice,IL,2024-06-13,268.74,Royalty,NovaHealth Inc
PHY00328,General Practice,MI,2025-01-15,136.93,Consulting Fee,NovaHealth Inc
PHY00286,Endocrinology,NY,2024-08-26,39.96,Consulting Fee,NovaHealth Inc
PHY00408,Psychiatry,OH,2025-05-18,187.8,Meal,Acme Pharma
PHY00132,Pulmonology,FL,2025-08-11,898.78,Research Payment,NovaHealth Inc
PHY00321,Psychiatry,NY,2024-02-11,314.93,Research Payment,Acme Pharma
PHY00188,General Practice,IL,2025-09-14,432.99,Consulting Fee,BioGen Solutions
PHY00071,Oncology,TX,2025-07-21,30.08,Meal,Acme Pharma
PHY00475,Endocrinology,GA,2025-09-08,102.61,Consulting Fee,BioGen Solutions
PHY00188,General Practice,IL,2025-08-04,228.33,Research Payment,BioGen Solutions
PHY00482,Rheumatology,OH,2024-06-17,3529.3,Meal,MedCore Ltd
PHY00245,General Practice,NY,2025-06-03,1746.18,Speaker Fee,MedCore Ltd
PHY00048,General Practice,MI,2025-08-19,366.44,Royalty,MedCore Ltd
PHY00464,Cardiology,MI,2024-04-13,733.57,Royalty,NovaHealth Inc
PHY00101,General Practice,MI,2025-06-24,638.91,Speaker Fee,Acme Pharma
PHY00295,Oncology,PA,2024-10-03,31.84,Consulting Fee,BioGen Solutions
PHY00388,General Practice,CA,2024-07-06,511.08,Consulting Fee,NovaHealth Inc
PHY00380,Cardiology,PA,2024-04-19,383.96,Consulting Fee,NovaHealth Inc
PHY00231,Rheumatology,MI,2024-11-12,92.45,Research Payment,Acme Pharma
PHY00133,Cardiology,GA,2025-08-14,158.62,Consulting Fee,MedCore Ltd
PHY00223,Rheumatology,MI,2025-06-18,115.1,Consulting Fee,NovaHealth Inc
PHY00397,Psychiatry,PA,2025-10-12,172.23,Meal,NovaHealth Inc
PHY00480,Neurology,OH,2024-04-08,1415.14,Consulting Fee,BioGen Solutions
PHY00457,Rheumatology,NC,2025-06-05,303.54,Research Payment,Acme Pharma
PHY00315,Endocrinology,PA,2025-12-09,864.19,Speaker Fee,Acme Pharma
PHY00385,Pulmonology,PA,2024-05-11,484.56,Meal,NovaHealth Inc
PHY00378,Cardiology,MI,2025-01-21,202.67,Speaker Fee,NovaHealth Inc
PHY00043,Oncology,TX,2025-08-08,2262.2,Royalty,NovaHealth Inc
PHY00326,Rheumatology,NC,2024-05-09,253.19,Meal,Acme Pharma
PHY00245,General Practice,NY,2025-08-06,104.15,Speaker Fee,Acme Pharma
PHY00015,Psychiatry,OH,2024-02-22,426.61,Research Payment,NovaHealth Inc
PHY00147,Endocrinology,CA,2024-06-14,195.22,Travel & Lodging,BioGen Solutions
PHY00117,Cardiology,OH,2024-10-25,159.79,Meal,Acme Pharma
PHY00445,Neurology,TX,2024-11-21,51.44,Royalty,MedCore Ltd
PHY00090,Oncology,TX,2025-09-14,907.35,Royalty,Acme Pharma
PHY00104,Neurology,PA,2024-03-15,41.61,Speaker Fee,MedCore Ltd
PHY00278,Rheumatology,IL,2024-12-10,25.25,Research Payment,Acme Pharma
PHY00322,Pulmonology,PA,2025-12-06,355.59,Consulting Fee,MedCore Ltd
PHY00077,Neurology,MI,2025-02-22,1705.67,Royalty,NovaHealth Inc
PHY00456,Endocrinology,MI,2024-10-23,133.68,Speaker Fee,NovaHealth Inc
PHY00096,Rheumatology,OH,2025-11-10,982.73,Travel & Lodging,NovaHealth Inc
PHY00038,Cardiology,CA,2025-01-30,281.43,Research Payment,Acme Pharma
PHY00464,Cardiology,MI,2025-11-05,6.14,Travel & Lodging,Acme Pharma
PHY00274,Psychiatry,NC,2024-01-20,622.39,Royalty,NovaHealth Inc
PHY00433,Pulmonology,GA,2024-11-05,288.53,Consulting Fee,BioGen Solutions
PHY00253,Neurology,FL,2024-01-19,1327.04,Meal,MedCore Ltd
PHY00223,Rheumatology,MI,2024-01-03,558.65,Travel & Lodging,Acme Pharma
PHY00190,Rheumatology,OH,2025-11-07,117.26,Travel & Lodging,MedCore Ltd
PHY00291,Cardiology,NC,2024-02-22,88.17,Meal,BioGen Solutions
PHY00172,Pulmonology,IL,2024-02-16,127.84,Royalty,MedCore Ltd
PHY00048,General Practice,MI,2024-07-31,2743.74,Meal,MedCore Ltd
PHY00329,Psychiatry,GA,2024-03-17,525.83,Speaker Fee,NovaHealth Inc
PHY00106,Oncology,IL,2025-07-04,70.56,Travel & Lodging,Acme Pharma
PHY00077,Neurology,MI,2024-03-17,191.68,Speaker Fee,MedCore Ltd
PHY00245,General Practice,NY,2025-07-31,23.09,Speaker Fee,Acme Pharma
PHY00225,Oncology,MI,2024-05-21,238.53,Research Payment,MedCore Ltd
PHY00084,Psychiatry,NC,2024-05-22,1507.99,Royalty,NovaHealth Inc
PHY00141,Psychiatry,CA,2024-10-29,386.87,Speaker Fee,Acme Pharma
PHY00224,Neurology,OH,2024-02-12,196.38,Meal,MedCore Ltd
PHY00016,Pulmonology,TX,2024-11-29,238.95,Travel & Lodging,Acme Pharma
PHY00177,Endocrinology,NC,2024-03-03,299.36,Royalty,Acme Pharma
PHY00286,Endocrinology,NY,2024-11-27,14.63,Speaker Fee,BioGen Solutions
PHY00092,Neurology,NC,2025-05-24,509.43,Research Payment,NovaHealth Inc
PHY00463,Rheumatology,CA,2024-07-17,346.62,Meal,NovaHealth Inc
PHY00046,Neurology,NY,2024-03-04,209.71,Royalty,MedCore Ltd
PHY00075,Pulmonology,GA,2024-06-05,111.94,Royalty,Acme Pharma
PHY00052,Rheumatology,PA,2024-03-28,591.35,Royalty,Acme Pharma
PHY00354,Psychiatry,IL,2024-12-08,263.56,Research Payment,BioGen Solutions
PHY00061,Endocrinology,IL,2025-06-03,186.32,Royalty,MedCore Ltd
PHY00210,Pulmonology,IL,2025-05-09,206.42,Consulting Fee,NovaHealth Inc
PHY00067,Neurology,NY,2024-01-10,1027.25,Travel & Lodging,Acme Pharma
PHY00283,Rheumatology,IL,2025-09-16,39.54,Research Payment,BioGen Solutions
PHY00083,Pulmonology,OH,2024-02-26,36.61,Research Payment,BioGen Solutions
PHY00076,Oncology,NY,2024-06-06,60.78,Meal,Acme Pharma
PHY00131,Neurology,IL,2024-11-24,116.12,Speaker Fee,BioGen Solutions
PHY00279,Cardiology,PA,2025-04-13,688.75,Consulting Fee,Acme Pharma
PHY00412,Psychiatry,IL,2024-02-21,602.03,Speaker Fee,BioGen Solutions
PHY00051,General Practice,MI,2025-01-27,88.27,Research Payment,MedCore Ltd
PHY00311,Psychiatry,TX,2025-09-12,302.58,Meal,Acme Pharma
PHY00152,Endocrinology,TX,2025-02-23,166.23,Travel & Lodging,MedCore Ltd
PHY00105,Oncology,NC,2025-06-05,607.78,Research Payment,MedCore Ltd
PHY00459,Endocrinology,NC,2025-10-13,49.01,Royalty,NovaHealth Inc
PHY00094,Rheumatology,IL,2025-05-06,503.18,Travel & Lodging,MedCore Ltd
PHY00201,General Practice,CA,2024-05-05,38.19,Speaker Fee,NovaHealth Inc
PHY00089,Neurology,CA,2024-12-20,226.72,Research Payment,Acme Pharma
PHY00105,Oncology,NC,2025-04-27,42.9,Travel & Lodging,BioGen Solutions
PHY00009,General Practice,MI,2025-09-21,807.41,Speaker Fee,NovaHealth Inc
PHY00494,Rheumatology,CA,2024-09-13,218.72,Speaker Fee,NovaHealth Inc
PHY00345,Endocrinology,TX,2025-02-03,2676.94,Travel & Lodging,MedCore Ltd
PHY00418,Oncology,CA,2024-10-09,78.73,Speaker Fee,BioGen Solutions
PHY00215,Endocrinology,IL,2025-05-11,198.42,Meal,BioGen Solutions
PHY00269,General Practice,OH,2024-07-12,252.23,Meal,BioGen Solutions
PHY00152,Endocrinology,TX,2025-08-22,27.91,Speaker Fee,Acme Pharma
PHY00411,Endocrinology,CA,2025-08-07,311.59,Meal,MedCore Ltd
PHY00028,Oncology,MI,2025-07-30,162.75,Research Payment,NovaHealth Inc
PHY00477,Cardiology,MI,2024-07-28,84.66,Royalty,BioGen Solutions
PHY00241,Oncology,TX,2025-08-04,280.36,Meal,BioGen Solutions
PHY00031,Pulmonology,NC,2024-05-14,424.45,Speaker Fee,Acme Pharma
PHY00266,Oncology,FL,2025-06-05,189.3,Royalty,Acme Pharma
PHY00119,Psychiatry,MI,2024-03-07,783.98,Speaker Fee,BioGen Solutions
PHY00463,Rheumatology,CA,2025-12-25,719.39,Meal,BioGen Solutions
PHY00393,Psychiatry,NY,2025-01-15,256.01,Meal,BioGen Solutions
PHY00447,Endocrinology,PA,2024-04-18,274.08,Travel & Lodging,NovaHealth Inc
PHY00218,Pulmonology,OH,2024-08-09,69.55,Consulting Fee,MedCore Ltd
PHY00278,Rheumatology,IL,2025-07-22,390.9,Speaker Fee,NovaHealth Inc
PHY00072,Oncology,MI,2024-01-30,203.43,Royalty,NovaHealth Inc
PHY00235,Neurology,OH,2024-11-08,687.77,Travel & Lodging,Acme Pharma
PHY00277,Cardiology,PA,2024-12-16,596.01,Meal,NovaHealth Inc
PHY00480,Neurology,OH,2024-06-11,672.63,Royalty,Acme Pharma
PHY00469,Pulmonology,NY,2024-12-18,338.98,Meal,BioGen Solutions
PHY00225,Oncology,MI,2025-02-15,628.72,Travel & Lodging,NovaHealth Inc
PHY00271,Rheumatology,NY,2025-01-24,125.03,Meal,Acme Pharma
PHY00357,Oncology,IL,2025-04-12,118.03,Meal,Acme Pharma
PHY00435,Neurology,GA,2024-03-13,1606.51,Travel & Lodging,Acme Pharma
PHY00184,Endocrinology,CA,2025-11-29,32.52,Research Payment,Acme Pharma
PHY00299,Pulmonology,NC,2024-03-16,171.64,Travel & Lodging,BioGen Solutions
PHY00149,Cardiology,MI,2024-05-01,229.12,Meal,NovaHealth Inc
PHY00376,Neurology,OH,2024-03-22,80.89,Meal,MedCore Ltd
PHY00490,Pulmonology,IL,2024-09-29,203.07,Consulting Fee,BioGen Solutions
PHY00323,Neurology,TX,2024-04-20,22.63,Speaker Fee,Acme Pharma
PHY00089,Neurology,CA,2025-03-08,364.89,Travel & Lodging,Acme Pharma
PHY00146,General Practice,CA,2025-11-24,193.18,Consulting Fee,Acme Pharma
PHY00240,Psychiatry,MI,2025-05-17,87.53,Royalty,NovaHealth Inc
PHY00339,Neurology,IL,2025-07-21,101.05,Speaker Fee,BioGen Solutions
PHY00138,Cardiology,GA,2025-09-05,122.5,Travel & Lodging,BioGen Solutions
PHY00180,Endocrinology,CA,2025-04-16,100.93,Speaker Fee,Acme Pharma
PHY00023,Oncology,NC,2025-07-13,176.67,Research Payment,Acme Pharma
PHY00273,Psychiatry,CA,2024-08-31,308.39,Travel & Lodging,BioGen Solutions
PHY00249,Cardiology,FL,2025-08-13,127.46,Research Payment,NovaHealth Inc
PHY00342,Neurology,PA,2024-08-08,155.73,Consulting Fee,NovaHealth Inc
PHY00260,Endocrinology,MI,2025-09-16,215.73,Consulting Fee,Acme Pharma
PHY00103,Oncology,IL,2024-05-03,510.48,Speaker Fee,Acme Pharma
PHY00187,Oncology,OH,2025-06-26,75.61,Royalty,BioGen Solutions
PHY00270,Endocrinology,CA,2025-03-17,158.46,Consulting Fee,BioGen Solutions
PHY00002,Neurology,OH,2025-06-19,1701.38,Research Payment,NovaHealth Inc
PHY00222,Endocrinology,MI,2024-03-31,659.34,Speaker Fee,Acme Pharma
PHY00376,Neurology,OH,2025-05-30,420.14,Speaker Fee,BioGen Solutions
PHY00062,General Practice,IL,2024-12-02,178.73,Meal,MedCore Ltd
PHY00111,Psychiatry,MI,2025-12-30,145.38,Travel & Lodging,BioGen Solutions
PHY00070,Rheumatology,FL,2025-01-19,1932.53,Royalty,NovaHealth Inc
PHY00205,Neurology,NC,2025-12-26,142.94,Royalty,MedCore Ltd
PHY00431,Cardiology,GA,2024-11-20,56.95,Speaker Fee,MedCore Ltd
PHY00288,Pulmonology,FL,2024-08-13,314.59,Research Payment,MedCore Ltd
PHY00397,Psychiatry,PA,2024-09-13,124.82,Consulting Fee,BioGen Solutions
PHY00289,Cardiology,NC,2024-02-07,267.64,Consulting Fee,NovaHealth Inc
PHY00057,Psychiatry,PA,2025-03-08,847.25,Consulting Fee,BioGen Solutions
PHY00056,Neurology,PA,2025-07-30,346.11,Royalty,Acme Pharma
PHY00449,General Practice,PA,2024-09-13,217.16,Speaker Fee,NovaHealth Inc
PHY00131,Neurology,IL,2024-02-18,52.08,Speaker Fee,NovaHealth Inc
PHY00329,Psychiatry,GA,2024-05-24,1176.41,Meal,NovaHealth Inc
PHY00420,Rheumatology,GA,2025-07-26,780.44,Speaker Fee,Acme Pharma
PHY00046,Neurology,NY,2024-06-18,108.68,Consulting Fee,MedCore Ltd
PHY00139,General Practice,TX,2024-09-03,268.74,Speaker Fee,Acme Pharma
PHY00088,Cardiology,MI,2024-03-28,370.46,Consulting Fee,NovaHealth Inc
PHY00204,Cardiology,NY,2025-01-16,2359.31,Royalty,BioGen Solutions
PHY00027,Rheumatology,OH,2024-08-01,200.92,Speaker Fee,Acme Pharma
PHY00186,Pulmonology,GA,2025-06-26,354.11,Consulting Fee,BioGen Solutions
PHY00237,Rheumatology,MI,2024-06-29,51.24,Research Payment,NovaHealth Inc
PHY00341,Endocrinology,NC,2025-04-02,253.49,Royalty,NovaHealth Inc
PHY00119,Psychiatry,MI,2025-01-17,60.96,Consulting Fee,Acme Pharma
PHY00331,Cardiology,IL,2025-04-30,2255.81,Travel & Lodging,BioGen Solutions
PHY00037,Neurology,FL,2025-09-16,178.74,Travel & Lodging,MedCore Ltd
PHY00336,Psychiatry,CA,2024-12-01,77.24,Speaker Fee,NovaHealth Inc
PHY00375,Cardiology,GA,2025-07-23,462.41,Meal,Acme Pharma
PHY00428,Neurology,OH,2025-03-02,225.59,Royalty,Acme Pharma
PHY00445,Neurology,TX,2025-10-10,1022.58,Research Payment,BioGen Solutions
PHY00189,General Practice,CA,2025-04-08,347.46,Meal,MedCore Ltd
PHY00427,Cardiology,NC,2025-09-29,548.41,Speaker Fee,Acme Pharma
PHY00313,Neurology,NC,2024-12-02,260.83,Meal,Acme Pharma
PHY00275,Cardiology,GA,2024-01-07,91.37,Consulting Fee,BioGen Solutions
PHY00493,Cardiology,NC,2025-07-19,2210.65,Travel & Lodging,BioGen Solutions
PHY00289,Cardiology,NC,2025-04-06,501.74,Travel & Lodging,Acme Pharma
PHY00254,Pulmonology,FL,2025-01-18,151.15,Royalty,NovaHealth Inc
PHY00047,Psychiatry,NC,2025-12-18,315.59,Meal,Acme Pharma
PHY00107,Rheumatology,CA,2025-04-08,65.12,Speaker Fee,Acme Pharma
PHY00095,Rheumatology,CA,2024-01-23,655.02,Royalty,NovaHealth Inc
PHY00254,Pulmonology,FL,2024-08-22,541.66,Speaker Fee,MedCore Ltd
PHY00183,Rheumatology,TX,2025-07-22,64.93,Consulting Fee,BioGen Solutions
PHY00090,Oncology,TX,2024-11-06,329.25,Travel & Lodging,Acme Pharma
PHY00052,Rheumatology,PA,2024-12-03,17.24,Travel & Lodging,MedCore Ltd
PHY00067,Neurology,NY,2025-09-16,327.59,Research Payment,MedCore Ltd
PHY00028,Oncology,MI,2025-09-19,139.18,Travel & Lodging,Acme Pharma
PHY00260,Endocrinology,MI,2025-08-13,170.52,Speaker Fee,MedCore Ltd
PHY00023,Oncology,NC,2024-05-08,114.69,Travel & Lodging,MedCore Ltd
PHY00186,Pulmonology,GA,2025-04-23,386.55,Travel & Lodging,Acme Pharma
PHY00467,Psychiatry,GA,2024-10-11,373.68,Consulting Fee,Acme Pharma
PHY00100,Pulmonology,NY,2024-07-07,278.24,Consulting Fee,NovaHealth Inc
PHY00498,Neurology,NC,2025-02-20,296.53,Royalty,MedCore Ltd
PHY00387,Endocrinology,NC,2025-04-15,35.12,Research Payment,Acme Pharma
PHY00171,Psychiatry,NC,2024-07-31,386.42,Speaker Fee,Acme Pharma
PHY00122,Pulmonology,FL,2024-08-14,235.54,Research Payment,BioGen Solutions
PHY00247,Cardiology,CA,2025-03-26,2822.64,Consulting Fee,MedCore Ltd
PHY00061,Endocrinology,IL,2025-05-16,206.14,Royalty,Acme Pharma
PHY00441,Cardiology,NY,2024-05-21,32.24,Meal,MedCore Ltd
PHY00353,Cardiology,IL,2024-11-28,273.58,Travel & Lodging,NovaHealth Inc
PHY00423,Rheumatology,PA,2025-02-20,276.71,Consulting Fee,Acme Pharma
PHY00325,Rheumatology,IL,2025-12-10,1871.65,Meal,NovaHealth Inc
PHY00472,Psychiatry,PA,2024-03-14,569.58,Consulting Fee,BioGen Solutions
PHY00077,Neurology,MI,2025-01-21,152.77,Research Payment,MedCore Ltd
PHY00397,Psychiatry,PA,2024-09-04,315.3,Research Payment,MedCore Ltd
PHY00067,Neurology,NY,2025-07-26,212.11,Royalty,Acme Pharma
PHY00189,General Practice,CA,2025-10-24,273.82,Royalty,MedCore Ltd
PHY00402,Neurology,TX,2025-08-30,151.68,Meal,MedCore Ltd
PHY00418,Oncology,CA,2024-04-30,438.52,Research Payment,NovaHealth Inc
PHY00482,Rheumatology,OH,2025-09-25,212.97,Royalty,MedCore Ltd
PHY00474,Neurology,OH,2024-06-09,507.29,Consulting Fee,MedCore Ltd
PHY00276,Neurology,CA,2025-06-11,331.77,Royalty,BioGen Solutions
PHY00500,Neurology,FL,2024-02-11,83.37,Meal,Acme Pharma
PHY00234,Neurology,PA,2025-10-04,1014.24,Speaker Fee,BioGen Solutions
PHY00016,Pulmonology,TX,2025-04-16,79.23,Speaker Fee,NovaHealth Inc
PHY00381,Psychiatry,PA,2025-01-21,77.54,Consulting Fee,Acme Pharma
PHY00386,Psychiatry,IL,2025-12-11,762.13,Research Payment,BioGen Solutions
PHY00089,Neurology,CA,2024-07-21,128.89,Research Payment,BioGen Solutions
PHY00384,Pulmonology,CA,2025-04-12,6.19,Speaker Fee,Acme Pharma
PHY00009,General Practice,MI,2025-04-17,361.52,Meal,NovaHealth Inc
PHY00233,Neurology,CA,2025-05-04,419.22,Research Payment,NovaHealth Inc
PHY00017,Neurology,MI,2024-03-29,568.88,Travel & Lodging,BioGen Solutions
PHY00307,Neurology,FL,2024-06-02,129.9,Meal,MedCore Ltd
PHY00264,Cardiology,TX,2025-02-24,49.01,Research Payment,MedCore Ltd
PHY00342,Neurology,PA,2025-10-01,188.61,Speaker Fee,MedCore Ltd
PHY00472,Psychiatry,PA,2024-04-19,97.17,Consulting Fee,BioGen Solutions
PHY00439,General Practice,TX,2025-01-15,361.86,Meal,BioGen Solutions
PHY00344,Oncology,CA,2025-06-27,762.36,Speaker Fee,BioGen Solutions
PHY00116,Neurology,IL,2024-07-02,81.64,Royalty,Acme Pharma
PHY00010,Oncology,NY,2025-08-14,1779.29,Travel & Lodging,MedCore Ltd
PHY00097,Oncology,IL,2025-05-10,516.83,Travel & Lodging,Acme Pharma
PHY00278,Rheumatology,IL,2024-09-21,1020.9,Meal,Acme Pharma
PHY00301,Cardiology,GA,2024-01-08,830.8,Speaker Fee,Acme Pharma
PHY00123,Oncology,TX,2024-02-02,445.11,Speaker Fee,Acme Pharma
PHY00338,Endocrinology,CA,2024-12-04,604.55,Royalty,Acme Pharma
PHY00136,Pulmonology,CA,2025-01-21,612.33,Travel & Lodging,NovaHealth Inc
PHY00178,Endocrinology,GA,2024-04-04,85.68,Consulting Fee,BioGen Solutions
PHY00146,General Practice,CA,2024-08-18,429.04,Royalty,Acme Pharma
PHY00135,General Practice,TX,2025-03-12,60.08,Consulting Fee,MedCore Ltd
PHY00038,Cardiology,CA,2025-10-23,166.44,Meal,Acme Pharma
PHY00229,Cardiology,TX,2025-07-29,36.5,Travel & Lodging,Acme Pharma
PHY00269,General Practice,OH,2025-11-26,59.56,Travel & Lodging,Acme Pharma
PHY00377,Neurology,MI,2024-08-01,321.02,Speaker Fee,MedCore Ltd
PHY00492,Pulmonology,OH,2025-01-27,724.93,Travel & Lodging,MedCore Ltd
PHY00173,Endocrinology,NC,2024-01-17,208.25,Speaker Fee,NovaHealth Inc
PHY00067,Neurology,NY,2024-07-15,167.12,Royalty,NovaHealth Inc
PHY00237,Rheumatology,MI,2025-07-19,281.43,Speaker Fee,Acme Pharma
PHY00333,Neurology,GA,2025-07-06,34.44,Research Payment,NovaHealth Inc
PHY00256,Endocrinology,NY,2025-12-21,146.97,Royalty,MedCore Ltd
PHY00049,Rheumatology,PA,2024-07-19,866.83,Speaker Fee,Acme Pharma
PHY00123,Oncology,TX,2024-12-07,567.18,Travel & Lodging,Acme Pharma
PHY00136,Pulmonology,CA,2024-02-28,131.01,Research Payment,Acme Pharma
PHY00095,Rheumatology,CA,2024-05-04,454.99,Consulting Fee,BioGen Solutions
PHY00254,Pulmonology,FL,2024-01-07,597.2,Research Payment,Acme Pharma
PHY00030,Neurology,TX,2025-08-07,441.6,Royalty,Acme Pharma
PHY00403,Endocrinology,FL,2024-07-26,609.83,Research Payment,BioGen Solutions
PHY00333,Neurology,GA,2024-03-17,453.03,Research Payment,BioGen Solutions
PHY00110,General Practice,MI,2024-07-18,2037.05,Speaker Fee,NovaHealth Inc
PHY00415,Endocrinology,GA,2024-12-18,6927.54,Research Payment,Acme Pharma
PHY00077,Neurology,MI,2025-05-02,259.61,Travel & Lodging,BioGen Solutions
PHY00232,Neurology,MI,2024-07-13,582.27,Research Payment,NovaHealth Inc
PHY00359,Cardiology,IL,2024-11-26,398.64,Consulting Fee,Acme Pharma
PHY00330,Psychiatry,TX,2024-05-26,64.36,Travel & Lodging,MedCore Ltd
PHY00299,Pulmonology,NC,2024-05-22,214.73,Research Payment,NovaHealth Inc
PHY00208,Neurology,NY,2024-06-12,68.03,Consulting Fee,MedCore Ltd
PHY00077,Neurology,MI,2025-11-03,2144.44,Meal,BioGen Solutions
PHY00175,Psychiatry,MI,2025-07-19,479.59,Meal,NovaHealth Inc
PHY00211,General Practice,IL,2025-08-29,51.61,Royalty,NovaHealth Inc
PHY00112,General Practice,IL,2024-06-13,111.2,Travel & Lodging,NovaHealth Inc
PHY00218,Pulmonology,OH,2024-12-30,134.18,Meal,BioGen Solutions
PHY00257,General Practice,PA,2024-10-22,295.47,Royalty,MedCore Ltd
PHY00477,Cardiology,MI,2025-03-25,569.05,Travel & Lodging,MedCore Ltd
PHY00264,Cardiology,TX,2024-03-26,211.29,Meal,BioGen Solutions
PHY00456,Endocrinology,MI,2024-05-16,571.05,Travel & Lodging,BioGen Solutions
PHY00028,Oncology,MI,2024-03-12,321.69,Royalty,MedCore Ltd
PHY00112,General Practice,IL,2025-04-29,340.64,Travel & Lodging,MedCore Ltd
PHY00434,Psychiatry,FL,2025-03-25,164.6,Consulting Fee,MedCore Ltd
PHY00492,Pulmonology,OH,2024-07-07,853.33,Consulting Fee,MedCore Ltd
PHY00137,Cardiology,FL,2024-06-12,53.61,Consulting Fee,BioGen Solutions
PHY00476,Psychiatry,TX,2025-02-20,2332.31,Consulting Fee,Acme Pharma
PHY00018,Psychiatry,TX,2024-03-10,580.62,Speaker Fee,MedCore Ltd
PHY00080,Neurology,IL,2025-06-10,291.15,Travel & Lodging,MedCore Ltd
PHY00057,Psychiatry,PA,2025-12-11,95.21,Consulting Fee,NovaHealth Inc
PHY00288,Pulmonology,FL,2025-07-20,412.56,Royalty,NovaHealth Inc
PHY00029,Psychiatry,NY,2024-01-22,813.39,Consulting Fee,Acme Pharma
PHY00048,General Practice,MI,2025-05-31,904.96,Travel & Lodging,Acme Pharma
PHY00141,Psychiatry,CA,2024-05-17,123.29,Speaker Fee,NovaHealth Inc
PHY00328,General Practice,MI,2024-08-15,239.87,Travel & Lodging,NovaHealth Inc
PHY00086,Endocrinology,CA,2025-01-31,555.57,Research Payment,Acme Pharma
PHY00257,General Practice,PA,2025-01-15,158.28,Travel & Lodging,BioGen Solutions
PHY00308,Oncology,MI,2024-03-10,43.84,Royalty,BioGen Solutions
PHY00313,Neurology,NC,2024-12-29,120.04,Research Payment,Acme Pharma
PHY00234,Neurology,PA,2024-06-23,92.96,Meal,Acme Pharma
PHY00357,Oncology,IL,2025-11-01,583.77,Meal,BioGen Solutions
PHY00355,Psychiatry,PA,2025-01-11,419.13,Consulting Fee,BioGen Solutions
PHY00316,Psychiatry,CA,2025-02-05,41.31,Research Payment,BioGen Solutions
PHY00380,Cardiology,PA,2024-12-18,155.85,Research Payment,BioGen Solutions
PHY00107,Rheumatology,CA,2024-07-09,54.52,Speaker Fee,NovaHealth Inc
PHY00245,General Practice,NY,2024-03-16,38.9,Travel & Lodging,BioGen Solutions
PHY00317,Endocrinology,NC,2024-04-30,41.57,Meal,NovaHealth Inc
PHY00223,Rheumatology,MI,2025-05-16,32.7,Royalty,Acme Pharma
PHY00191,General Practice,OH,2024-06-23,3590.42,Royalty,MedCore Ltd
PHY00401,Psychiatry,NY,2025-01-16,79.3,Royalty,Acme Pharma
PHY00318,Cardiology,CA,2024-09-06,113.89,Research Payment,MedCore Ltd
PHY00256,Endocrinology,NY,2024-11-02,394.51,Royalty,MedCore Ltd
PHY00146,General Practice,CA,2025-01-25,52.8,Meal,MedCore Ltd
PHY00467,Psychiatry,GA,2024-08-22,598.44,Research Payment,NovaHealth Inc
PHY00234,Neurology,PA,2025-01-02,1946.12,Travel & Lodging,BioGen Solutions
PHY00378,Cardiology,MI,2025-08-14,74.95,Speaker Fee,Acme Pharma
PHY00184,Endocrinology,CA,2025-03-03,32.26,Meal,NovaHealth Inc
PHY00370,General Practice,FL,2024-05-25,50.41,Meal,BioGen Solutions
PHY00457,Rheumatology,NC,2024-05-14,1268.59,Consulting Fee,MedCore Ltd
PHY00003,Pulmonology,CA,2025-12-06,442.95,Royalty,Acme Pharma
PHY00370,General Practice,FL,2025-01-02,1629.12,Meal,NovaHealth Inc
PHY00166,Cardiology,MI,2024-01-26,57.14,Travel & Lodging,NovaHealth Inc
PHY00017,Neurology,MI,2025-12-28,133.67,Travel & Lodging,NovaHealth Inc
PHY00367,Rheumatology,NC,2024-04-10,479.52,Royalty,MedCore Ltd
PHY00241,Oncology,TX,2024-06-11,140.38,Meal,BioGen Solutions
PHY00381,Psychiatry,PA,2025-06-16,7.68,Meal,BioGen Solutions
PHY00490,Pulmonology,IL,2025-08-31,102.54,Research Payment,BioGen Solutions
PHY00428,Neurology,OH,2025-12-05,85.59,Travel & Lodging,Acme Pharma
PHY00088,Cardiology,MI,2025-02-12,490.7,Travel & Lodging,BioGen Solutions
PHY00015,Psychiatry,OH,2025-10-08,860.25,Consulting Fee,Acme Pharma
PHY00096,Rheumatology,OH,2025-12-13,98.78,Travel & Lodging,Acme Pharma
PHY00244,Cardiology,PA,2025-04-25,377.11,Meal,BioGen Solutions
PHY00416,Cardiology,CA,2024-02-20,843.42,Speaker Fee,BioGen Solutions
PHY00245,General Practice,NY,2025-09-14,43.66,Consulting Fee,MedCore Ltd
PHY00142,Cardiology,CA,2024-12-21,448.65,Royalty,Acme Pharma
PHY00439,General Practice,TX,2025-06-14,1322.98,Research Payment,Acme Pharma
PHY00445,Neurology,TX,2025-12-19,16.87,Speaker Fee,NovaHealth Inc
PHY00105,Oncology,NC,2025-03-08,150.98,Consulting Fee,Acme Pharma
PHY00440,Endocrinology,MI,2025-11-15,1339.02,Travel & Lodging,Acme Pharma
PHY00258,Rheumatology,OH,2025-11-06,618.87,Travel & Lodging,BioGen Solutions
PHY00154,Endocrinology,OH,2025-04-07,823.55,Royalty,BioGen Solutions
PHY00208,Neurology,NY,2025-03-25,557.76,Meal,BioGen Solutions
PHY00478,Psychiatry,GA,2025-11-13,96.61,Meal,MedCore Ltd
PHY00093,Oncology,GA,2024-05-12,153.92,Research Payment,NovaHealth Inc
PHY00158,Oncology,MI,2025-06-24,729.43,Travel & Lodging,NovaHealth Inc
PHY00115,General Practice,CA,2025-10-31,196.32,Travel & Lodging,BioGen Solutions
PHY00122,Pulmonology,FL,2024-10-25,183.62,Consulting Fee,Acme Pharma
PHY00297,Rheumatology,NY,2024-12-27,547.24,Research Payment,BioGen Solutions
PHY00438,Psychiatry,NY,2024-05-06,1299.05,Travel & Lodging,MedCore Ltd
PHY00032,Cardiology,GA,2025-04-12,523.07,Speaker Fee,Acme Pharma
PHY00191,General Practice,OH,2025-11-05,821.01,Consulting Fee,NovaHealth Inc
PHY00470,Neurology,FL,2025-10-22,52.82,Meal,BioGen Solutions
PHY00002,Neurology,OH,2025-11-20,161.4,Travel & Lodging,MedCore Ltd
PHY00343,Endocrinology,CA,2024-09-05,121.15,Speaker Fee,MedCore Ltd
PHY00153,Cardiology,NY,2025-10-31,71.13,Consulting Fee,NovaHealth Inc
PHY00249,Cardiology,FL,2024-10-05,50.91,Meal,MedCore Ltd
PHY00276,Neurology,CA,2025-05-28,225.4,Consulting Fee,NovaHealth Inc
PHY00260,Endocrinology,MI,2024-08-28,253.29,Research Payment,MedCore Ltd
PHY00163,Psychiatry,NC,2024-08-23,917.45,Speaker Fee,NovaHealth Inc
PHY00031,Pulmonology,NC,2025-05-16,578.02,Speaker Fee,MedCore Ltd
PHY00021,Rheumatology,GA,2024-08-21,1075.01,Meal,NovaHealth Inc
PHY00029,Psychiatry,NY,2024-12-26,242.44,Meal,BioGen Solutions
PHY00430,Neurology,PA,2024-06-10,131.6,Royalty,BioGen Solutions
PHY00364,Oncology,NY,2025-04-10,514.32,Travel & Lodging,NovaHealth Inc
PHY00249,Cardiology,FL,2024-08-08,101.75,Royalty,NovaHealth Inc
PHY00411,Endocrinology,CA,2024-01-12,701.52,Consulting Fee,Acme Pharma
PHY00192,Endocrinology,NC,2024-04-23,619.36,Travel & Lodging,Acme Pharma
PHY00456,Endocrinology,MI,2025-08-10,513.58,Travel & Lodging,NovaHealth Inc
PHY00249,Cardiology,FL,2025-08-17,786.85,Consulting Fee,BioGen Solutions
PHY00326,Rheumatology,NC,2024-05-15,517.33,Meal,Acme Pharma
PHY00473,Endocrinology,MI,2024-03-26,3006.81,Meal,MedCore Ltd
PHY00126,Psychiatry,MI,2024-06-23,656.34,Travel & Lodging,Acme Pharma
PHY00485,Pulmonology,PA,2024-04-14,132.4,Speaker Fee,BioGen Solutions
PHY00290,Psychiatry,TX,2025-07-31,481.4,Research Payment,BioGen Solutions
PHY00087,Rheumatology,MI,2025-07-06,517.57,Speaker Fee,BioGen Solutions
PHY00042,General Practice,TX,2024-04-02,44.25,Consulting Fee,BioGen Solutions
PHY00017,Neurology,MI,2024-09-21,442.98,Meal,MedCore Ltd
PHY00307,Neurology,FL,2024-04-06,350.96,Royalty,NovaHealth Inc
PHY00336,Psychiatry,CA,2024-03-08,112.26,Meal,NovaHealth Inc
PHY00221,Endocrinology,IL,2024-09-18,49.8,Speaker Fee,BioGen Solutions
PHY00344,Oncology,CA,2024-03-14,179.88,Consulting Fee,MedCore Ltd
PHY00235,Neurology,OH,2024-11-27,49.18,Royalty,Acme Pharma
PHY00072,Oncology,MI,2025-10-29,53.5,Speaker Fee,MedCore Ltd
PHY00322,Pulmonology,PA,2024-09-01,414.22,Speaker Fee,NovaHealth Inc
PHY00016,Pulmonology,TX,2025-03-02,240.73,Meal,BioGen Solutions
PHY00066,Oncology,FL,2024-06-15,155.09,Consulting Fee,MedCore Ltd
PHY00403,Endocrinology,FL,2025-02-12,233.47,Royalty,Acme Pharma
PHY00123,Oncology,TX,2025-12-30,213.44,Consulting Fee,Acme Pharma
PHY00100,Pulmonology,NY,2024-11-02,6133.91,Royalty,Acme Pharma
PHY00446,Endocrinology,MI,2025-12-09,644.58,Meal,MedCore Ltd
PHY00342,Neurology,PA,2024-05-12,755.6,Research Payment,NovaHealth Inc
PHY00411,Endocrinology,CA,2024-05-17,38.65,Speaker Fee,Acme Pharma
PHY00234,Neurology,PA,2025-07-26,52.39,Consulting Fee,Acme Pharma
PHY00378,Cardiology,MI,2025-03-29,1438.07,Travel & Lodging,MedCore Ltd
PHY00187,Oncology,OH,2025-01-01,321.6,Research Payment,MedCore Ltd
PHY00360,Endocrinology,IL,2025-09-26,33.83,Travel & Lodging,MedCore Ltd
PHY00099,Rheumatology,OH,2024-02-03,44.69,Travel & Lodging,Acme Pharma
PHY00019,Psychiatry,MI,2024-08-13,33.05,Consulting Fee,BioGen Solutions
PHY00369,Endocrinology,NY,2024-10-23,1540.1,Speaker Fee,MedCore Ltd
PHY00403,Endocrinology,FL,2025-09-22,1048.68,Meal,Acme Pharma
PHY00134,Pulmonology,OH,2025-10-02,627.02,Research Payment,MedCore Ltd
PHY00281,Neurology,IL,2025-11-17,83.29,Consulting Fee,BioGen Solutions
PHY00083,Pulmonology,OH,2024-04-02,144.37,Research Payment,Acme Pharma
PHY00122,Pulmonology,FL,2024-01-10,119.76,Meal,NovaHealth Inc
PHY00273,Psychiatry,CA,2024-11-01,65.49,Consulting Fee,NovaHealth Inc
PHY00464,Cardiology,MI,2025-12-12,116.4,Research Payment,Acme Pharma
PHY00416,Cardiology,CA,2024-08-03,2175.64,Travel & Lodging,BioGen Solutions
PHY00289,Cardiology,NC,2024-01-18,543.25,Research Payment,Acme Pharma
PHY00202,Psychiatry,FL,2024-12-11,124.35,Consulting Fee,NovaHealth Inc
PHY00359,Cardiology,IL,2024-09-22,156.88,Meal,BioGen Solutions
PHY00312,General Practice,IL,2024-03-20,255.98,Consulting Fee,MedCore Ltd
PHY00212,General Practice,NY,2024-10-08,167.73,Travel & Lodging,NovaHealth Inc
PHY00239,Endocrinology,TX,2024-09-24,354.67,Research Payment,NovaHealth Inc
PHY00034,Oncology,OH,2024-12-30,297.73,Travel & Lodging,BioGen Solutions
PHY00449,General Practice,PA,2025-04-18,20.56,Travel & Lodging,BioGen Solutions
PHY00086,Endocrinology,CA,2025-01-24,604.79,Meal,BioGen Solutions
PHY00344,Oncology,CA,2024-05-28,21.92,Royalty,MedCore Ltd
PHY00288,Pulmonology,FL,2024-11-04,353.32,Travel & Lodging,NovaHealth Inc
PHY00069,Neurology,GA,2025-03-21,71.43,Consulting Fee,NovaHealth Inc
PHY00114,Rheumatology,FL,2024-07-02,386.72,Speaker Fee,Acme Pharma
PHY00318,Cardiology,CA,2025-07-19,68.43,Research Payment,Acme Pharma
PHY00387,Endocrinology,NC,2025-03-22,1308.54,Travel & Lodging,MedCore Ltd
PHY00471,Pulmonology,GA,2025-02-15,53.39,Speaker Fee,MedCore Ltd
PHY00424,Endocrinology,IL,2024-09-29,2087.9,Consulting Fee,MedCore Ltd
PHY00128,Cardiology,MI,2025-01-07,56.38,Consulting Fee,BioGen Solutions
PHY00372,Psychiatry,CA,2024-06-30,1352.29,Speaker Fee,NovaHealth Inc
PHY00203,General Practice,NC,2024-01-29,496.71,Speaker Fee,BioGen Solutions
PHY00184,Endocrinology,CA,2024-04-04,5158.85,Consulting Fee,Acme Pharma
PHY00237,Rheumatology,MI,2024-12-18,128.7,Travel & Lodging,BioGen Solutions
PHY00134,Pulmonology,OH,2025-09-17,115.43,Travel & Lodging,BioGen Solutions
PHY00125,Pulmonology,MI,2025-12-16,344.26,Meal,BioGen Solutions
PHY00085,General Practice,IL,2025-04-02,544.13,Meal,NovaHealth Inc
PHY00164,Neurology,OH,2024-04-01,258.72,Meal,MedCore Ltd
PHY00355,Psychiatry,PA,2025-11-10,82.62,Royalty,NovaHealth Inc
PHY00178,Endocrinology,GA,2025-09-09,702.15,Research Payment,MedCore Ltd
PHY00257,General Practice,PA,2025-10-23,72.44,Royalty,BioGen Solutions
PHY00275,Cardiology,GA,2025-12-20,342.43,Speaker Fee,BioGen Solutions
PHY00082,Neurology,IL,2025-10-27,9.88,Research Payment,NovaHealth Inc
PHY00146,General Practice,CA,2024-11-18,36.77,Consulting Fee,BioGen Solutions
PHY00058,Cardiology,IL,2025-05-06,91.7,Travel & Lodging,MedCore Ltd
PHY00487,Endocrinology,NY,2025-04-17,75.5,Royalty,Acme Pharma
PHY00094,Rheumatology,IL,2025-01-07,536.44,Travel & Lodging,Acme Pharma
PHY00336,Psychiatry,CA,2025-10-25,1799.14,Royalty,Acme Pharma
PHY00398,Rheumatology,TX,2024-06-18,183.25,Speaker Fee,Acme Pharma
PHY00260,Endocrinology,MI,2025-08-06,135.49,Research Payment,Acme Pharma
PHY00218,Pulmonology,OH,2025-09-10,74.84,Meal,Acme Pharma
PHY00219,Psychiatry,NC,2025-04-08,447.61,Royalty,MedCore Ltd
PHY00072,Oncology,MI,2025-02-21,234.72,Meal,Acme Pharma
PHY00398,Rheumatology,TX,2024-09-28,46.63,Royalty,BioGen Solutions
PHY00235,Neurology,OH,2025-07-06,318.96,Research Payment,Acme Pharma
PHY00454,Rheumatology,TX,2025-07-24,383.52,Consulting Fee,MedCore Ltd
PHY00436,Psychiatry,NC,2025-08-14,149.8,Royalty,Acme Pharma
PHY00213,Pulmonology,NC,2025-04-26,329.62,Consulting Fee,NovaHealth Inc
PHY00071,Oncology,TX,2025-12-26,269.36,Travel & Lodging,Acme Pharma
PHY00221,Endocrinology,IL,2024-11-03,722.26,Speaker Fee,BioGen Solutions
PHY00242,General Practice,IL,2024-06-06,1638.8,Speaker Fee,NovaHealth Inc
PHY00139,General Practice,TX,2024-08-14,141.58,Research Payment,Acme Pharma
PHY00472,Psychiatry,PA,2025-01-05,76.27,Meal,Acme Pharma
PHY00222,Endocrinology,MI,2024-04-01,1055.51,Research Payment,Acme Pharma
PHY00364,Oncology,NY,2024-06-27,836.76,Royalty,BioGen Solutions
PHY00365,General Practice,CA,2024-10-06,554.51,Royalty,MedCore Ltd
PHY00221,Endocrinology,IL,2024-10-30,776.66,Research Payment,Acme Pharma
PHY00438,Psychiatry,NY,2024-06-18,301.76,Royalty,BioGen Solutions
PHY00157,General Practice,GA,2025-05-14,302.44,Royalty,BioGen Solutions
PHY00037,Neurology,FL,2025-07-18,19.1,Meal,BioGen Solutions
PHY00035,Rheumatology,NC,2025-12-27,358.15,Travel & Lodging,MedCore Ltd
PHY00090,Oncology,TX,2024-11-03,163.85,Travel & Lodging,MedCore Ltd
PHY00425,Psychiatry,TX,2024-05-10,575.54,Research Payment,MedCore Ltd
PHY00142,Cardiology,CA,2025-08-30,200.23,Speaker Fee,MedCore Ltd
PHY00168,General Practice,TX,2024-02-20,672.35,Travel & Lodging,Acme Pharma
PHY00077,Neurology,MI,2024-06-08,238.64,Meal,NovaHealth Inc
PHY00493,Cardiology,NC,2025-01-21,30.19,Meal,MedCore Ltd
PHY00255,Cardiology,PA,2025-04-19,128.91,Travel & Lodging,Acme Pharma
PHY00045,Neurology,PA,2025-09-08,315.24,Meal,Acme Pharma
PHY00234,Neurology,PA,2025-12-01,38.38,Royalty,MedCore Ltd
PHY00176,Rheumatology,IL,2025-10-15,483.29,Consulting Fee,MedCore Ltd
PHY00082,Neurology,IL,2024-05-14,339.46,Travel & Lodging,BioGen Solutions
PHY00141,Psychiatry,CA,2025-04-01,634.47,Consulting Fee,NovaHealth Inc
PHY00419,Psychiatry,FL,2024-03-28,214.09,Research Payment,BioGen Solutions
PHY00040,Endocrinology,NY,2025-05-11,350.34,Royalty,BioGen Solutions
PHY00270,Endocrinology,CA,2025-11-29,728.45,Travel & Lodging,NovaHealth Inc
PHY00311,Psychiatry,TX,2024-10-26,37.61,Speaker Fee,MedCore Ltd
PHY00012,General Practice,GA,2025-02-07,278.06,Research Payment,NovaHealth Inc
PHY00218,Pulmonology,OH,2024-10-04,218.62,Consulting Fee,NovaHealth Inc
PHY00487,Endocrinology,NY,2024-10-29,186.19,Meal,Acme Pharma
PHY00024,Psychiatry,PA,2024-01-15,12.76,Meal,Acme Pharma
PHY00347,Endocrinology,NY,2024-06-20,388.55,Consulting Fee,NovaHealth Inc
PHY00378,Cardiology,MI,2025-08-10,129.51,Meal,MedCore Ltd
PHY00061,Endocrinology,IL,2025-02-27,76.46,Research Payment,Acme Pharma
PHY00391,Endocrinology,IL,2025-03-24,55.67,Consulting Fee,BioGen Solutions
PHY00492,Pulmonology,OH,2024-11-02,64.45,Speaker Fee,NovaHealth Inc
PHY00221,Endocrinology,IL,2025-09-26,76.73,Travel & Lodging,NovaHealth Inc
PHY00413,Rheumatology,FL,2025-01-07,346.73,Consulting Fee,Acme Pharma
PHY00051,General Practice,MI,2024-06-26,220.5,Travel & Lodging,MedCore Ltd
PHY00327,Endocrinology,TX,2024-06-18,134.24,Travel & Lodging,MedCore Ltd
PHY00015,Psychiatry,OH,2024-11-20,10.92,Research Payment,BioGen Solutions
PHY00332,Cardiology,OH,2025-07-27,507.97,Speaker Fee,NovaHealth Inc
PHY00496,General Practice,PA,2024-01-08,925.31,Consulting Fee,BioGen Solutions
PHY00004,General Practice,NY,2025-06-16,886.3,Research Payment,BioGen Solutions
PHY00433,Pulmonology,GA,2025-07-08,1359.01,Consulting Fee,Acme Pharma
PHY00185,Cardiology,OH,2025-07-07,90.32,Meal,Acme Pharma
PHY00084,Psychiatry,NC,2025-06-29,151.03,Meal,Acme Pharma
PHY00408,Psychiatry,OH,2025-12-09,31.64,Meal,BioGen Solutions
PHY00430,Neurology,PA,2025-01-30,794.78,Research Payment,MedCore Ltd
PHY00240,Psychiatry,MI,2024-05-22,212.92,Consulting Fee,Acme Pharma
PHY00271,Rheumatology,NY,2024-01-14,383.19,Speaker Fee,MedCore Ltd
PHY00464,Cardiology,MI,2025-06-10,48.08,Research Payment,Acme Pharma
PHY00309,Psychiatry,GA,2024-02-21,81.32,Consulting Fee,Acme Pharma
PHY00057,Psychiatry,PA,2024-04-29,109.68,Research Payment,NovaHealth Inc
PHY00260,Endocrinology,MI,2024-07-15,758.02,Research Payment,BioGen Solutions
PHY00255,Cardiology,PA,2024-12-01,53.29,Speaker Fee,NovaHealth Inc
PHY00195,General Practice,CA,2024-08-29,188.21,Research Payment,NovaHealth Inc
PHY00299,Pulmonology,NC,2025-09-11,133.3,Speaker Fee,NovaHealth Inc
PHY00083,Pulmonology,OH,2024-05-10,197.27,Consulting Fee,MedCore Ltd
PHY00256,Endocrinology,NY,2025-04-23,23.81,Speaker Fee,Acme Pharma
PHY00105,Oncology,NC,2024-01-15,13.99,Travel & Lodging,BioGen Solutions
PHY00412,Psychiatry,IL,2024-09-15,528.09,Research Payment,BioGen Solutions
PHY00301,Cardiology,GA,2024-11-26,1475.5,Research Payment,Acme Pharma
PHY00009,General Practice,MI,2025-02-04,3173.86,Speaker Fee,Acme Pharma
PHY00415,Endocrinology,GA,2024-01-30,343.24,Speaker Fee,MedCore Ltd
PHY00492,Pulmonology,OH,2024-08-04,1832.34,Consulting Fee,MedCore Ltd
PHY00330,Psychiatry,TX,2025-10-21,91.12,Consulting Fee,BioGen Solutions
PHY00087,Rheumatology,MI,2025-10-02,704.74,Royalty,MedCore Ltd
PHY00486,Rheumatology,NY,2025-10-13,295.33,Speaker Fee,BioGen Solutions
PHY00029,Psychiatry,NY,2024-09-27,97.27,Meal,BioGen Solutions
PHY00220,General Practice,OH,2025-03-16,341.73,Travel & Lodging,BioGen Solutions
PHY00146,General Practice,CA,2025-07-17,414.22,Consulting Fee,MedCore Ltd
PHY00410,Rheumatology,NY,2024-08-18,439.97,Travel & Lodging,NovaHealth Inc
PHY00111,Psychiatry,MI,2024-08-21,34.98,Travel & Lodging,MedCore Ltd
PHY00195,General Practice,CA,2025-01-28,105.91,Travel & Lodging,BioGen Solutions
PHY00395,Endocrinology,PA,2024-04-20,52.01,Research Payment,MedCore Ltd
PHY00013,Endocrinology,TX,2025-04-01,40.04,Consulting Fee,Acme Pharma
PHY00098,Neurology,PA,2024-04-29,86.77,Meal,NovaHealth Inc
PHY00140,Cardiology,NY,2024-05-28,210.22,Travel & Lodging,MedCore Ltd
PHY00371,Neurology,CA,2025-11-28,415.71,Speaker Fee,Acme Pharma
PHY00253,Neurology,FL,2024-05-11,43.8,Meal,BioGen Solutions
PHY00474,Neurology,OH,2025-10-17,238.76,Travel & Lodging,NovaHealth Inc
PHY00275,Cardiology,GA,2024-07-05,517.42,Research Payment,MedCore Ltd
PHY00243,Neurology,IL,2024-09-20,435.81,Speaker Fee,NovaHealth Inc
PHY00467,Psychiatry,GA,2025-06-23,71.35,Speaker Fee,NovaHealth Inc
PHY00175,Psychiatry,MI,2025-05-30,132.38,Speaker Fee,BioGen Solutions
PHY00156,Oncology,MI,2025-10-29,259.96,Travel & Lodging,Acme Pharma
PHY00087,Rheumatology,MI,2024-01-20,179.75,Speaker Fee,MedCore Ltd
PHY00467,Psychiatry,GA,2024-09-16,748.1,Royalty,NovaHealth Inc
PHY00375,Cardiology,GA,2024-04-10,467.31,Speaker Fee,MedCore Ltd
PHY00353,Cardiology,IL,2024-05-09,4412.27,Travel & Lodging,MedCore Ltd
PHY00074,Oncology,CA,2024-12-07,416.58,Meal,MedCore Ltd
PHY00468,Cardiology,CA,2024-11-27,276.32,Travel & Lodging,Acme Pharma
PHY00348,Neurology,CA,2024-08-20,132.11,Consulting Fee,Acme Pharma
PHY00214,General Practice,FL,2024-04-17,767.63,Research Payment,Acme Pharma
PHY00091,Psychiatry,PA,2025-12-04,97.9,Research Payment,NovaHealth Inc
PHY00364,Oncology,NY,2024-02-29,246.37,Speaker Fee,NovaHealth Inc
PHY00048,General Practice,MI,2024-04-26,546.38,Consulting Fee,MedCore Ltd
PHY00476,Psychiatry,TX,2024-06-13,429.5,Consulting Fee,MedCore Ltd
PHY00337,Pulmonology,TX,2024-10-12,399.77,Consulting Fee,Acme Pharma
PHY00244,Cardiology,PA,2025-10-25,544.55,Speaker Fee,MedCore Ltd
PHY00395,Endocrinology,PA,2024-01-13,380.23,Meal,MedCore Ltd
PHY00329,Psychiatry,GA,2024-03-11,148.53,Royalty,MedCore Ltd
PHY00130,Neurology,GA,2024-02-12,303.8,Meal,BioGen Solutions
PHY00023,Oncology,NC,2024-10-28,92.03,Royalty,BioGen Solutions
PHY00130,Neurology,GA,2025-07-26,823.04,Meal,MedCore Ltd
PHY00451,Rheumatology,IL,2024-11-20,16896.58,Travel & Lodging,Acme Pharma
PHY00175,Psychiatry,MI,2025-05-28,97.66,Consulting Fee,NovaHealth Inc
PHY00284,General Practice,IL,2025-04-19,518.73,Royalty,NovaHealth Inc
PHY00067,Neurology,NY,2025-02-23,1366.89,Royalty,MedCore Ltd
PHY00423,Rheumatology,PA,2025-07-12,107.2,Royalty,Acme Pharma
PHY00158,Oncology,MI,2024-12-13,88.79,Travel & Lodging,NovaHealth Inc
PHY00405,Psychiatry,PA,2024-09-13,90.33,Research Payment,Acme Pharma
PHY00085,General Practice,IL,2025-07-11,712.3,Travel & Lodging,NovaHealth Inc
PHY00342,Neurology,PA,2025-06-07,270.37,Royalty,Acme Pharma
PHY00144,Psychiatry,IL,2024-09-17,589.94,Meal,BioGen Solutions
PHY00362,Cardiology,MI,2024-08-09,102.65,Meal,MedCore Ltd
PHY00026,Rheumatology,MI,2025-07-18,636.62,Research Payment,NovaHealth Inc
PHY00419,Psychiatry,FL,2024-11-04,2406.74,Travel & Lodging,MedCore Ltd
PHY00186,Pulmonology,GA,2024-09-17,247.87,Speaker Fee,MedCore Ltd
PHY00256,Endocrinology,NY,2024-06-28,468.31,Meal,MedCore Ltd
PHY00120,Pulmonology,PA,2025-12-06,2.9,Speaker Fee,Acme Pharma
PHY00221,Endocrinology,IL,2025-12-23,267.82,Meal,MedCore Ltd
PHY00262,Rheumatology,OH,2024-12-29,299.96,Meal,NovaHealth Inc
PHY00014,Endocrinology,PA,2024-05-12,61.65,Consulting Fee,MedCore Ltd
PHY00034,Oncology,OH,2024-07-26,146.12,Travel & Lodging,NovaHealth Inc
PHY00078,Neurology,OH,2024-06-20,51.35,Consulting Fee,Acme Pharma
PHY00300,Psychiatry,MI,2025-02-23,148.29,Research Payment,MedCore Ltd
PHY00214,General Practice,FL,2024-03-10,24.41,Royalty,NovaHealth Inc
PHY00330,Psychiatry,TX,2024-07-21,556.72,Consulting Fee,Acme Pharma
PHY00384,Pulmonology,CA,2025-03-10,15.64,Meal,MedCore Ltd
PHY00027,Rheumatology,OH,2024-06-14,560.66,Research Payment,Acme Pharma
PHY00104,Neurology,PA,2024-09-01,250.03,Consulting Fee,Acme Pharma
PHY00116,Neurology,IL,2025-10-14,146.1,Consulting Fee,NovaHealth Inc
PHY00384,Pulmonology,CA,2025-09-03,496.06,Speaker Fee,Acme Pharma
PHY00019,Psychiatry,MI,2025-11-12,99.0,Research Payment,NovaHealth Inc
PHY00037,Neurology,FL,2025-11-19,2522.31,Royalty,Acme Pharma
PHY00183,Rheumatology,TX,2025-10-18,195.5,Royalty,MedCore Ltd
PHY00119,Psychiatry,MI,2025-06-14,2554.61,Meal,NovaHealth Inc
PHY00233,Neurology,CA,2025-08-28,1235.23,Royalty,NovaHealth Inc
PHY00046,Neurology,NY,2025-06-09,251.97,Research Payment,BioGen Solutions
PHY00328,General Practice,MI,2024-01-03,2304.21,Speaker Fee,BioGen Solutions
PHY00333,Neurology,GA,2025-11-17,139.69,Speaker Fee,Acme Pharma
PHY00487,Endocrinology,NY,2024-09-06,63.35,Research Payment,NovaHealth Inc
PHY00113,Psychiatry,OH,2025-09-12,41.07,Speaker Fee,Acme Pharma
PHY00289,Cardiology,NC,2024-04-06,807.83,Speaker Fee,MedCore Ltd
PHY00230,Pulmonology,NC,2025-01-24,122.26,Meal,Acme Pharma
PHY00399,Psychiatry,TX,2024-09-16,174.11,Speaker Fee,BioGen Solutions
PHY00095,Rheumatology,CA,2025-07-21,134.46,Meal,BioGen Solutions
PHY00372,Psychiatry,CA,2025-06-04,110.58,Consulting Fee,BioGen Solutions
PHY00021,Rheumatology,GA,2024-11-06,245.93,Meal,Acme Pharma
PHY00386,Psychiatry,IL,2025-10-14,449.81,Royalty,NovaHealth Inc
PHY00285,Oncology,FL,2025-10-09,17.49,Meal,Acme Pharma
PHY00486,Rheumatology,NY,2024-10-08,49.38,Royalty,NovaHealth Inc
PHY00234,Neurology,PA,2025-10-01,167.67,Royalty,BioGen Solutions
PHY00337,Pulmonology,TX,2025-12-29,266.86,Research Payment,BioGen Solutions
PHY00428,Neurology,OH,2025-08-23,363.72,Travel & Lodging,Acme Pharma
PHY00025,Neurology,OH,2024-09-28,2133.36,Speaker Fee,BioGen Solutions
PHY00142,Cardiology,CA,2025-10-07,250.2,Consulting Fee,BioGen Solutions
PHY00126,Psychiatry,MI,2025-05-05,47.61,Speaker Fee,NovaHealth Inc
PHY00063,Pulmonology,OH,2024-10-20,129.25,Speaker Fee,NovaHealth Inc
PHY00180,Endocrinology,CA,2024-02-09,302.54,Consulting Fee,NovaHealth Inc
PHY00236,Neurology,GA,2025-04-07,148.83,Meal,MedCore Ltd
PHY00313,Neurology,NC,2025-04-27,790.9,Research Payment,BioGen Solutions
PHY00179,Cardiology,NY,2025-08-20,121.25,Research Payment,BioGen Solutions
PHY00013,Endocrinology,TX,2025-06-23,31.38,Royalty,Acme Pharma
PHY00343,Endocrinology,CA,2024-10-06,414.19,Speaker Fee,BioGen Solutions
PHY00166,Cardiology,MI,2024-10-19,43.9,Speaker Fee,BioGen Solutions
PHY00252,Cardiology,NC,2025-06-10,355.19,Travel & Lodging,Acme Pharma
PHY00107,Rheumatology,CA,2024-09-06,291.34,Royalty,NovaHealth Inc
PHY00363,Cardiology,MI,2024-12-08,1308.65,Consulting Fee,MedCore Ltd
PHY00221,Endocrinology,IL,2024-11-16,41.2,Consulting Fee,Acme Pharma
PHY00492,Pulmonology,OH,2025-09-03,109.42,Meal,NovaHealth Inc
PHY00077,Neurology,MI,2025-10-08,46.43,Consulting Fee,Acme Pharma
PHY00376,Neurology,OH,2025-12-20,100.32,Speaker Fee,BioGen Solutions
PHY00287,Cardiology,NY,2024-01-12,79.76,Meal,MedCore Ltd
PHY00306,Pulmonology,MI,2025-01-07,1446.73,Consulting Fee,BioGen Solutions
PHY00385,Pulmonology,PA,2025-11-21,510.12,Meal,MedCore Ltd
PHY00319,General Practice,IL,2025-09-12,2319.84,Consulting Fee,MedCore Ltd
PHY00397,Psychiatry,PA,2024-06-28,2045.11,Consulting Fee,BioGen Solutions
PHY00034,Oncology,OH,2025-08-04,310.88,Consulting Fee,MedCore Ltd
PHY00497,Endocrinology,MI,2025-05-19,226.3,Consulting Fee,NovaHealth Inc
PHY00376,Neurology,OH,2025-12-18,6422.34,Consulting Fee,Acme Pharma
PHY00083,Pulmonology,OH,2025-01-19,187.91,Travel & Lodging,NovaHealth Inc
PHY00353,Cardiology,IL,2024-12-15,210.0,Royalty,BioGen Solutions
PHY00407,Rheumatology,GA,2025-10-11,523.15,Meal,MedCore Ltd
PHY00467,Psychiatry,GA,2024-02-11,153.68,Travel & Lodging,Acme Pharma
PHY00226,Oncology,IL,2024-07-14,134.57,Research Payment,BioGen Solutions
PHY00178,Endocrinology,GA,2024-01-26,988.28,Speaker Fee,NovaHealth Inc
PHY00019,Psychiatry,MI,2024-11-12,2005.87,Royalty,Acme Pharma
PHY00150,Psychiatry,TX,2025-01-30,157.88,Speaker Fee,Acme Pharma
PHY00224,Neurology,OH,2024-09-20,26.99,Meal,Acme Pharma
PHY00451,Rheumatology,IL,2024-01-26,31.17,Research Payment,NovaHealth Inc
PHY00476,Psychiatry,TX,2024-12-21,108.5,Royalty,NovaHealth Inc
PHY00168,General Practice,TX,2025-09-22,163.6,Consulting Fee,Acme Pharma
PHY00402,Neurology,TX,2025-02-10,111.83,Research Payment,MedCore Ltd
PHY00192,Endocrinology,NC,2025-04-20,117.52,Royalty,NovaHealth Inc
PHY00141,Psychiatry,CA,2025-09-11,354.84,Research Payment,BioGen Solutions
PHY00342,Neurology,PA,2025-01-05,433.07,Speaker Fee,MedCore Ltd
PHY00268,Psychiatry,NC,2024-05-30,835.78,Research Payment,NovaHealth Inc
PHY00227,Pulmonology,NY,2025-12-05,683.1,Speaker Fee,Acme Pharma
PHY00389,Cardiology,OH,2025-01-11,339.23,Travel & Lodging,Acme Pharma
PHY00152,Endocrinology,TX,2025-10-01,228.44,Meal,NovaHealth Inc
PHY00277,Cardiology,PA,2025-01-28,283.96,Consulting Fee,MedCore Ltd
PHY00188,General Practice,IL,2024-02-26,2383.36,Travel & Lodging,MedCore Ltd
PHY00407,Rheumatology,GA,2024-05-29,1016.13,Meal,BioGen Solutions
PHY00099,Rheumatology,OH,2024-06-15,25.29,Speaker Fee,BioGen Solutions
PHY00326,Rheumatology,NC,2025-05-28,172.78,Meal,BioGen Solutions
PHY00434,Psychiatry,FL,2024-04-02,8.35,Meal,BioGen Solutions
PHY00431,Cardiology,GA,2025-09-15,174.2,Royalty,MedCore Ltd
PHY00403,Endocrinology,FL,2025-10-09,21.54,Meal,BioGen Solutions
PHY00258,Rheumatology,OH,2024-09-09,2996.78,Research Payment,MedCore Ltd
PHY00449,General Practice,PA,2024-06-14,146.7,Research Payment,BioGen Solutions
PHY00138,Cardiology,GA,2025-01-02,1619.61,Meal,Acme Pharma
PHY00017,Neurology,MI,2024-03-08,608.23,Research Payment,MedCore Ltd
PHY00407,Rheumatology,GA,2025-03-05,700.66,Consulting Fee,BioGen Solutions
PHY00154,Endocrinology,OH,2025-11-25,101.47,Speaker Fee,MedCore Ltd
PHY00285,Oncology,FL,2024-01-27,46.85,Speaker Fee,NovaHealth Inc
PHY00069,Neurology,GA,2025-01-04,1882.13,Research Payment,MedCore Ltd
PHY00102,Oncology,NY,2025-08-29,101.51,Speaker Fee,NovaHealth Inc
PHY00487,Endocrinology,NY,2024-08-23,248.75,Speaker Fee,NovaHealth Inc
PHY00276,Neurology,CA,2024-12-18,46.14,Research Payment,NovaHealth Inc
PHY00047,Psychiatry,NC,2024-09-17,845.08,Consulting Fee,Acme Pharma
PHY00124,General Practice,FL,2024-06-10,328.37,Travel & Lodging,NovaHealth Inc
PHY00040,Endocrinology,NY,2024-09-29,585.32,Meal,BioGen Solutions
PHY00093,Oncology,GA,2024-02-11,179.74,Consulting Fee,Acme Pharma
PHY00309,Psychiatry,GA,2025-04-28,341.4,Royalty,Acme Pharma
PHY00024,Psychiatry,PA,2025-06-23,498.42,Meal,BioGen Solutions
PHY00421,Oncology,IL,2025-12-30,1188.58,Travel & Lodging,MedCore Ltd
PHY00136,Pulmonology,CA,2025-05-29,24.51,Royalty,NovaHealth Inc
PHY00209,Rheumatology,MI,2024-02-03,41.87,Consulting Fee,NovaHealth Inc
PHY00120,Pulmonology,PA,2025-09-18,102.13,Consulting Fee,Acme Pharma
PHY00047,Psychiatry,NC,2025-11-22,69.31,Speaker Fee,MedCore Ltd
PHY00377,Neurology,MI,2025-09-29,461.68,Royalty,MedCore Ltd
PHY00176,Rheumatology,IL,2025-11-16,138.62,Consulting Fee,NovaHealth Inc
PHY00351,Neurology,PA,2024-05-22,3060.07,Royalty,BioGen Solutions
PHY00369,Endocrinology,NY,2025-05-15,57.3,Royalty,NovaHealth Inc
PHY00067,Neurology,NY,2025-01-16,194.33,Royalty,Acme Pharma
PHY00010,Oncology,NY,2025-05-03,538.75,Consulting Fee,Acme Pharma
PHY00384,Pulmonology,CA,2024-12-20,1101.32,Royalty,MedCore Ltd
PHY00291,Cardiology,NC,2024-06-16,1896.18,Royalty,Acme Pharma
PHY00428,Neurology,OH,2025-12-02,14.8,Research Payment,MedCore Ltd
PHY00420,Rheumatology,GA,2025-11-24,574.73,Travel & Lodging,BioGen Solutions
PHY00427,Cardiology,NC,2024-01-11,179.48,Consulting Fee,Acme Pharma
PHY00362,Cardiology,MI,2024-09-15,693.96,Travel & Lodging,MedCore Ltd
PHY00156,Oncology,MI,2025-10-24,1851.8,Travel & Lodging,MedCore Ltd
PHY00134,Pulmonology,OH,2025-01-14,164.65,Travel & Lodging,Acme Pharma
PHY00236,Neurology,GA,2024-01-13,259.47,Meal,Acme Pharma
PHY00494,Rheumatology,CA,2025-10-19,1076.88,Meal,Acme Pharma
PHY00110,General Practice,MI,2025-07-02,115.46,Meal,MedCore Ltd
PHY00279,Cardiology,PA,2025-04-23,75.65,Meal,Acme Pharma
PHY00431,Cardiology,GA,2025-06-25,61.76,Travel & Lodging,BioGen Solutions
PHY00217,Neurology,IL,2024-12-25,97.25,Royalty,MedCore Ltd
PHY00215,Endocrinology,IL,2024-01-15,25.68,Consulting Fee,MedCore Ltd
PHY00211,General Practice,IL,2025-06-06,102.45,Research Payment,Acme Pharma
PHY00320,Rheumatology,FL,2025-05-20,73.01,Research Payment,BioGen Solutions
PHY00383,Neurology,TX,2024-01-16,64.06,Royalty,Acme Pharma
PHY00056,Neurology,PA,2025-09-08,255.79,Consulting Fee,BioGen Solutions
PHY00420,Rheumatology,GA,2024-12-14,283.19,Meal,NovaHealth Inc
PHY00357,Oncology,IL,2024-11-13,568.35,Meal,MedCore Ltd
PHY00042,General Practice,TX,2024-09-11,1428.7,Meal,NovaHealth Inc
PHY00237,Rheumatology,MI,2025-01-31,2079.59,Research Payment,MedCore Ltd
PHY00335,Rheumatology,PA,2025-05-16,3740.76,Consulting Fee,Acme Pharma
PHY00326,Rheumatology,NC,2024-03-07,234.18,Travel & Lodging,BioGen Solutions
PHY00072,Oncology,MI,2024-09-04,30.41,Research Payment,NovaHealth Inc
PHY00096,Rheumatology,OH,2025-01-18,679.88,Consulting Fee,BioGen Solutions
PHY00107,Rheumatology,CA,2025-08-02,82.14,Research Payment,NovaHealth Inc
PHY00096,Rheumatology,OH,2025-01-29,715.44,Research Payment,BioGen Solutions
PHY00440,Endocrinology,MI,2024-12-02,283.16,Travel & Lodging,Acme Pharma
PHY00027,Rheumatology,OH,2025-10-19,237.91,Research Payment,NovaHealth Inc
PHY00387,Endocrinology,NC,2024-08-06,4442.17,Royalty,Acme Pharma
PHY00464,Cardiology,MI,2025-08-04,163.53,Royalty,MedCore Ltd
PHY00207,Psychiatry,FL,2025-09-14,376.29,Consulting Fee,BioGen Solutions
PHY00347,Endocrinology,NY,2024-10-11,161.3,Research Payment,MedCore Ltd
PHY00444,Psychiatry,IL,2024-04-26,77.26,Royalty,NovaHealth Inc
PHY00070,Rheumatology,FL,2025-09-13,1165.55,Travel & Lodging,Acme Pharma
PHY00137,Cardiology,FL,2025-05-18,69.61,Travel & Lodging,NovaHealth Inc
PHY00176,Rheumatology,IL,2024-06-19,757.8,Consulting Fee,Acme Pharma
PHY00246,Rheumatology,GA,2024-05-23,333.66,Travel & Lodging,MedCore Ltd
PHY00459,Endocrinology,NC,2024-08-05,522.63,Speaker Fee,MedCore Ltd
PHY00053,Endocrinology,CA,2025-03-17,129.07,Consulting Fee,MedCore Ltd
PHY00187,Oncology,OH,2025-10-23,414.46,Travel & Lodging,BioGen Solutions
PHY00211,General Practice,IL,2024-01-25,665.02,Royalty,Acme Pharma
PHY00152,Endocrinology,TX,2025-06-19,257.98,Speaker Fee,NovaHealth Inc
PHY00053,Endocrinology,CA,2024-04-15,27.03,Meal,MedCore Ltd
PHY00039,Cardiology,GA,2024-06-16,233.67,Meal,BioGen Solutions
PHY00435,Neurology,GA,2024-04-19,1537.29,Travel & Lodging,NovaHealth Inc
PHY00237,Rheumatology,MI,2024-02-18,637.12,Meal,BioGen Solutions
PHY00200,Endocrinology,NY,2024-12-01,1473.42,Travel & Lodging,Acme Pharma
PHY00138,Cardiology,GA,2024-07-31,625.43,Royalty,BioGen Solutions
PHY00249,Cardiology,FL,2025-09-29,81.95,Travel & Lodging,NovaHealth Inc
PHY00369,Endocrinology,NY,2025-05-30,146.35,Speaker Fee,BioGen Solutions
PHY00091,Psychiatry,PA,2025-12-03,241.64,Consulting Fee,BioGen Solutions
PHY00138,Cardiology,GA,2025-03-08,44.31,Research Payment,MedCore Ltd
PHY00309,Psychiatry,GA,2024-08-17,135.3,Meal,Acme Pharma
PHY00310,Rheumatology,MI,2024-01-20,142.42,Research Payment,MedCore Ltd
PHY00477,Cardiology,MI,2024-09-25,348.19,Travel & Lodging,NovaHealth Inc
PHY00016,Pulmonology,TX,2025-08-28,2034.28,Research Payment,MedCore Ltd
PHY00455,Pulmonology,CA,2025-04-26,6978.93,Consulting Fee,Acme Pharma
PHY00414,Cardiology,MI,2024-01-25,101.95,Meal,MedCore Ltd
PHY00314,General Practice,FL,2024-10-02,758.16,Speaker Fee,Acme Pharma
PHY00210,Pulmonology,IL,2025-03-19,499.41,Travel & Lodging,NovaHealth Inc
PHY00209,Rheumatology,MI,2025-01-02,81.16,Research Payment,NovaHealth Inc
PHY00293,Cardiology,CA,2024-10-30,182.05,Royalty,NovaHealth Inc
PHY00418,Oncology,CA,2025-12-03,184.51,Royalty,MedCore Ltd
PHY00279,Cardiology,PA,2025-01-16,118.3,Consulting Fee,MedCore Ltd
PHY00154,Endocrinology,OH,2024-06-29,235.46,Royalty,MedCore Ltd
PHY00377,Neurology,MI,2024-06-16,135.85,Meal,Acme Pharma
PHY00060,Pulmonology,GA,2024-09-22,31.25,Consulting Fee,BioGen Solutions
PHY00021,Rheumatology,GA,2025-08-15,114.44,Meal,MedCore Ltd
PHY00346,General Practice,NC,2024-05-11,2630.72,Consulting Fee,Acme Pharma
PHY00030,Neurology,TX,2025-09-18,76.67,Research Payment,BioGen Solutions
PHY00016,Pulmonology,TX,2025-06-17,797.66,Research Payment,MedCore Ltd
PHY00304,Rheumatology,IL,2025-03-21,132.46,Travel & Lodging,MedCore Ltd
PHY00389,Cardiology,OH,2025-12-20,81.14,Travel & Lodging,Acme Pharma
PHY00265,Endocrinology,MI,2024-12-03,660.06,Research Payment,MedCore Ltd
PHY00163,Psychiatry,NC,2025-03-13,39.87,Consulting Fee,NovaHealth Inc
PHY00199,Pulmonology,PA,2025-05-14,178.18,Meal,MedCore Ltd
PHY00239,Endocrinology,TX,2025-08-03,96.64,Research Payment,NovaHealth Inc
PHY00220,General Practice,OH,2025-03-28,47.63,Travel & Lodging,BioGen Solutions
PHY00118,Rheumatology,MI,2025-02-08,392.7,Research Payment,BioGen Solutions
PHY00082,Neurology,IL,2025-07-19,604.32,Research Payment,NovaHealth Inc
PHY00294,Oncology,IL,2025-06-02,275.83,Royalty,NovaHealth Inc
PHY00065,General Practice,PA,2025-09-05,111.3,Travel & Lodging,Acme Pharma
PHY00048,General Practice,MI,2024-03-22,286.36,Consulting Fee,Acme Pharma
PHY00445,Neurology,TX,2025-08-18,2078.68,Consulting Fee,NovaHealth Inc
PHY00446,Endocrinology,MI,2025-09-19,181.85,Speaker Fee,Acme Pharma
PHY00428,Neurology,OH,2025-07-12,302.41,Research Payment,NovaHealth Inc
PHY00348,Neurology,CA,2025-08-11,420.51,Meal,MedCore Ltd
PHY00156,Oncology,MI,2024-01-02,828.09,Consulting Fee,BioGen Solutions
PHY00075,Pulmonology,GA,2024-11-24,150.8,Royalty,BioGen Solutions
PHY00265,Endocrinology,MI,2024-10-30,54.6,Meal,MedCore Ltd
PHY00254,Pulmonology,FL,2025-12-22,382.25,Meal,BioGen Solutions
PHY00389,Cardiology,OH,2024-08-02,51.6,Meal,MedCore Ltd
PHY00019,Psychiatry,MI,2024-02-16,17.28,Consulting Fee,BioGen Solutions
PHY00475,Endocrinology,GA,2024-05-25,412.89,Research Payment,Acme Pharma
PHY00353,Cardiology,IL,2025-03-01,194.45,Meal,NovaHealth Inc
PHY00106,Oncology,IL,2024-05-12,370.64,Meal,MedCore Ltd
PHY00497,Endocrinology,MI,2024-06-07,334.09,Meal,Acme Pharma
PHY00350,General Practice,OH,2025-08-25,977.47,Speaker Fee,MedCore Ltd
PHY00168,General Practice,TX,2024-07-11,39.22,Travel & Lodging,BioGen Solutions
PHY00114,Rheumatology,FL,2025-06-06,149.44,Meal,MedCore Ltd
PHY00150,Psychiatry,TX,2024-12-27,137.27,Speaker Fee,BioGen Solutions
PHY00209,Rheumatology,MI,2024-10-12,378.27,Consulting Fee,BioGen Solutions
PHY00213,Pulmonology,NC,2025-06-13,31.02,Speaker Fee,NovaHealth Inc
PHY00060,Pulmonology,GA,2025-08-22,6.67,Research Payment,NovaHealth Inc
PHY00066,Oncology,FL,2025-11-10,578.17,Royalty,MedCore Ltd
PHY00274,Psychiatry,NC,2024-08-24,1443.34,Royalty,NovaHealth Inc
PHY00487,Endocrinology,NY,2024-03-01,276.79,Consulting Fee,Acme Pharma
PHY00335,Rheumatology,PA,2025-07-16,116.67,Consulting Fee,Acme Pharma
PHY00344,Oncology,CA,2025-01-09,141.73,Travel & Lodging,BioGen Solutions
PHY00193,Cardiology,NY,2024-12-22,393.72,Consulting Fee,MedCore Ltd
PHY00039,Cardiology,GA,2025-01-14,299.97,Research Payment,NovaHealth Inc
PHY00431,Cardiology,GA,2024-04-24,1388.99,Travel & Lodging,MedCore Ltd
PHY00163,Psychiatry,NC,2025-11-18,110.72,Royalty,Acme Pharma
PHY00379,Oncology,TX,2024-11-19,66.56,Research Payment,NovaHealth Inc
PHY00463,Rheumatology,CA,2024-03-06,158.18,Travel & Lodging,Acme Pharma
PHY00087,Rheumatology,MI,2025-04-02,232.11,Speaker Fee,BioGen Solutions
PHY00280,Oncology,MI,2024-12-09,162.62,Consulting Fee,MedCore Ltd
PHY00202,Psychiatry,FL,2025-11-14,54.48,Travel & Lodging,Acme Pharma
PHY00029,Psychiatry,NY,2024-08-08,253.39,Research Payment,Acme Pharma
PHY00279,Cardiology,PA,2024-12-18,135.21,Speaker Fee,BioGen Solutions
PHY00117,Cardiology,OH,2024-10-06,109.95,Speaker Fee,BioGen Solutions
PHY00234,Neurology,PA,2024-10-21,917.9,Research Payment,Acme Pharma
PHY00330,Psychiatry,TX,2024-02-05,441.59,Travel & Lodging,BioGen Solutions
PHY00233,Neurology,CA,2025-12-28,886.71,Research Payment,MedCore Ltd
PHY00091,Psychiatry,PA,2025-04-14,87.88,Research Payment,BioGen Solutions
PHY00339,Neurology,IL,2025-03-29,85.76,Speaker Fee,NovaHealth Inc
PHY00021,Rheumatology,GA,2024-08-15,1561.39,Speaker Fee,BioGen Solutions
PHY00108,Neurology,FL,2025-02-17,108.04,Research Payment,Acme Pharma
PHY00132,Pulmonology,FL,2025-05-19,5072.13,Royalty,MedCore Ltd
PHY00380,Cardiology,PA,2024-01-13,231.98,Royalty,BioGen Solutions
PHY00387,Endocrinology,NC,2025-01-19,471.08,Speaker Fee,MedCore Ltd
PHY00241,Oncology,TX,2025-06-30,20.83,Speaker Fee,NovaHealth Inc
PHY00213,Pulmonology,NC,2025-02-13,59.32,Travel & Lodging,BioGen Solutions
PHY00040,Endocrinology,NY,2025-03-27,318.48,Consulting Fee,BioGen Solutions
PHY00373,Oncology,GA,2025-09-19,1819.57,Meal,MedCore Ltd
PHY00395,Endocrinology,PA,2024-05-21,20.89,Research Payment,NovaHealth Inc
PHY00018,Psychiatry,TX,2025-08-20,107.9,Consulting Fee,Acme Pharma
PHY00230,Pulmonology,NC,2025-10-01,214.69,Research Payment,NovaHealth Inc
PHY00341,Endocrinology,NC,2024-11-02,38.27,Meal,BioGen Solutions
PHY00356,General Practice,NY,2025-01-29,153.31,Speaker Fee,NovaHealth Inc
PHY00496,General Practice,PA,2025-09-13,355.28,Research Payment,NovaHealth Inc
PHY00252,Cardiology,NC,2025-08-22,3034.01,Meal,MedCore Ltd
PHY00268,Psychiatry,NC,2024-03-15,1524.39,Travel & Lodging,BioGen Solutions
PHY00236,Neurology,GA,2025-03-23,569.5,Speaker Fee,MedCore Ltd
PHY00215,Endocrinology,IL,2025-11-13,645.86,Research Payment,Acme Pharma
PHY00255,Cardiology,PA,2025-01-21,62.95,Speaker Fee,MedCore Ltd
PHY00182,General Practice,FL,2024-11-29,709.71,Research Payment,Acme Pharma
PHY00199,Pulmonology,PA,2024-11-27,98.09,Travel & Lodging,NovaHealth Inc
PHY00044,Psychiatry,OH,2025-03-26,170.78,Meal,NovaHealth Inc
PHY00204,Cardiology,NY,2025-04-02,469.32,Travel & Lodging,BioGen Solutions
PHY00393,Psychiatry,NY,2025-10-13,301.15,Consulting Fee,BioGen Solutions
PHY00322,Pulmonology,PA,2024-11-26,489.13,Royalty,Acme Pharma
PHY00404,Cardiology,NC,2024-12-20,55.99,Speaker Fee,Acme Pharma
PHY00107,Rheumatology,CA,2024-10-16,170.82,Travel & Lodging,BioGen Solutions
PHY00415,Endocrinology,GA,2024-07-28,55.54,Royalty,BioGen Solutions
PHY00124,General Practice,FL,2025-05-22,38.26,Meal,Acme Pharma
PHY00314,General Practice,FL,2024-04-18,1198.74,Consulting Fee,MedCore Ltd
PHY00050,Rheumatology,MI,2024-04-14,150.66,Consulting Fee,MedCore Ltd
PHY00301,Cardiology,GA,2025-04-24,245.22,Speaker Fee,MedCore Ltd
PHY00045,Neurology,PA,2024-09-21,6325.84,Consulting Fee,MedCore Ltd
PHY00249,Cardiology,FL,2024-09-17,456.62,Travel & Lodging,MedCore Ltd
PHY00321,Psychiatry,NY,2024-07-19,161.43,Royalty,Acme Pharma
PHY00196,Oncology,CA,2024-07-20,174.52,Travel & Lodging,BioGen Solutions
PHY00135,General Practice,TX,2024-08-21,185.94,Consulting Fee,MedCore Ltd
PHY00142,Cardiology,CA,2025-12-22,258.05,Travel & Lodging,MedCore Ltd
PHY00106,Oncology,IL,2024-06-13,636.74,Travel & Lodging,NovaHealth Inc
PHY00260,Endocrinology,MI,2024-08-15,1736.93,Research Payment,NovaHealth Inc
PHY00469,Pulmonology,NY,2024-09-02,236.51,Meal,BioGen Solutions
PHY00018,Psychiatry,TX,2025-03-17,44.44,Meal,Acme Pharma
PHY00016,Pulmonology,TX,2024-02-25,669.42,Research Payment,NovaHealth Inc
PHY00278,Rheumatology,IL,2025-09-03,77.19,Royalty,Acme Pharma
PHY00321,Psychiatry,NY,2025-02-03,655.31,Travel & Lodging,BioGen Solutions
PHY00186,Pulmonology,GA,2024-06-22,81.96,Meal,NovaHealth Inc
PHY00063,Pulmonology,OH,2024-03-16,490.24,Consulting Fee,MedCore Ltd
PHY00183,Rheumatology,TX,2025-11-27,463.72,Speaker Fee,MedCore Ltd
PHY00071,Oncology,TX,2025-10-27,277.94,Royalty,Acme Pharma
PHY00398,Rheumatology,TX,2024-05-09,113.82,Research Payment,BioGen Solutions
PHY00454,Rheumatology,TX,2025-05-19,603.8,Meal,NovaHealth Inc
PHY00382,Rheumatology,NY,2024-04-12,255.96,Consulting Fee,Acme Pharma
PHY00142,Cardiology,CA,2025-07-02,126.59,Speaker Fee,Acme Pharma
PHY00083,Pulmonology,OH,2024-10-14,89.79,Royalty,NovaHealth Inc
PHY00461,Oncology,PA,2024-08-02,201.81,Consulting Fee,MedCore Ltd
PHY00194,General Practice,NC,2024-06-06,125.67,Consulting Fee,MedCore Ltd
PHY00034,Oncology,OH,2024-04-11,489.06,Travel & Lodging,MedCore Ltd
PHY00141,Psychiatry,CA,2025-04-18,197.63,Meal,BioGen Solutions
PHY00063,Pulmonology,OH,2025-07-13,861.08,Royalty,MedCore Ltd
PHY00274,Psychiatry,NC,2025-02-14,74.97,Meal,NovaHealth Inc
PHY00080,Neurology,IL,2025-11-22,347.81,Consulting Fee,NovaHealth Inc
PHY00028,Oncology,MI,2024-12-26,128.31,Research Payment,Acme Pharma
PHY00164,Neurology,OH,2024-01-09,72.3,Research Payment,NovaHealth Inc
PHY00185,Cardiology,OH,2024-02-01,157.46,Royalty,BioGen Solutions
PHY00250,Endocrinology,CA,2025-07-22,73.71,Speaker Fee,NovaHealth Inc
PHY00022,Pulmonology,CA,2024-04-17,3402.7,Consulting Fee,MedCore Ltd
PHY00015,Psychiatry,OH,2025-01-04,401.87,Consulting Fee,MedCore Ltd
PHY00353,Cardiology,IL,2024-09-09,25.98,Consulting Fee,NovaHealth Inc
PHY00347,Endocrinology,NY,2024-08-14,2241.22,Consulting Fee,Acme Pharma
PHY00048,General Practice,MI,2025-02-23,802.68,Meal,Acme Pharma
PHY00161,General Practice,TX,2024-05-07,1151.88,Consulting Fee,Acme Pharma
PHY00080,Neurology,IL,2024-02-08,132.32,Research Payment,NovaHealth Inc
PHY00337,Pulmonology,TX,2024-10-06,53.7,Research Payment,MedCore Ltd
PHY00182,General Practice,FL,2024-02-03,781.82,Meal,NovaHealth Inc
PHY00386,Psychiatry,IL,2024-09-05,2878.52,Speaker Fee,MedCore Ltd
PHY00362,Cardiology,MI,2025-08-26,292.18,Meal,BioGen Solutions
PHY00378,Cardiology,MI,2024-07-20,611.63,Meal,BioGen Solutions
PHY00493,Cardiology,NC,2024-12-03,1001.27,Consulting Fee,BioGen Solutions
PHY00134,Pulmonology,OH,2024-03-06,521.23,Speaker Fee,Acme Pharma
PHY00430,Neurology,PA,2025-09-17,1482.94,Travel & Lodging,NovaHealth Inc
PHY00427,Cardiology,NC,2024-02-28,50.19,Travel & Lodging,NovaHealth Inc
PHY00245,General Practice,NY,2025-04-15,183.74,Travel & Lodging,MedCore Ltd
PHY00280,Oncology,MI,2025-02-26,493.45,Travel & Lodging,NovaHealth Inc
PHY00176,Rheumatology,IL,2025-11-05,177.37,Royalty,BioGen Solutions
PHY00256,Endocrinology,NY,2025-11-16,293.97,Consulting Fee,NovaHealth Inc
PHY00367,Rheumatology,NC,2024-01-29,97.09,Royalty,MedCore Ltd
PHY00273,Psychiatry,CA,2024-01-14,49.0,Meal,NovaHealth Inc
PHY00037,Neurology,FL,2024-01-14,136.62,Travel & Lodging,BioGen Solutions
PHY00083,Pulmonology,OH,2024-06-07,400.41,Travel & Lodging,MedCore Ltd
PHY00068,Cardiology,OH,2025-07-13,199.33,Consulting Fee,BioGen Solutions
PHY00022,Pulmonology,CA,2024-05-11,178.73,Speaker Fee,BioGen Solutions
PHY00287,Cardiology,NY,2025-01-29,5133.16,Royalty,MedCore Ltd
PHY00038,Cardiology,CA,2024-09-01,175.99,Speaker Fee,BioGen Solutions
PHY00136,Pulmonology,CA,2024-01-08,141.36,Meal,MedCore Ltd
PHY00375,Cardiology,GA,2024-10-16,495.57,Royalty,MedCore Ltd
PHY00241,Oncology,TX,2025-09-12,34.33,Consulting Fee,NovaHealth Inc
PHY00220,General Practice,OH,2025-08-17,167.04,Royalty,Acme Pharma
PHY00008,Pulmonology,PA,2024-07-07,503.15,Consulting Fee,MedCore Ltd
PHY00321,Psychiatry,NY,2025-08-01,728.65,Travel & Lodging,BioGen Solutions
PHY00302,Cardiology,PA,2024-07-18,41.45,Research Payment,BioGen Solutions
PHY00039,Cardiology,GA,2024-11-02,729.05,Research Payment,MedCore Ltd
PHY00152,Endocrinology,TX,2024-06-12,219.73,Speaker Fee,NovaHealth Inc
PHY00109,Rheumatology,IL,2025-09-29,292.61,Consulting Fee,Acme Pharma
PHY00345,Endocrinology,TX,2025-10-19,1538.55,Meal,BioGen Solutions
PHY00309,Psychiatry,GA,2024-11-01,126.59,Research Payment,MedCore Ltd
PHY00214,General Practice,FL,2025-04-12,147.56,Research Payment,MedCore Ltd
PHY00066,Oncology,FL,2025-05-17,44.76,Royalty,BioGen Solutions
PHY00439,General Practice,TX,2025-11-04,791.12,Travel & Lodging,BioGen Solutions
PHY00131,Neurology,IL,2024-08-12,1168.77,Royalty,NovaHealth Inc
PHY00206,Pulmonology,OH,2024-03-21,82.66,Speaker Fee,MedCore Ltd
PHY00371,Neurology,CA,2025-04-09,49.24,Meal,MedCore Ltd
PHY00457,Rheumatology,NC,2024-10-09,884.2,Royalty,MedCore Ltd
PHY00097,Oncology,IL,2024-07-09,1663.83,Consulting Fee,MedCore Ltd
PHY00337,Pulmonology,TX,2025-12-22,530.4,Meal,BioGen Solutions
PHY00098,Neurology,PA,2024-11-23,74.78,Meal,BioGen Solutions
PHY00105,Oncology,NC,2025-11-05,582.68,Travel & Lodging,NovaHealth Inc
PHY00289,Cardiology,NC,2025-07-11,224.21,Royalty,NovaHealth Inc
PHY00295,Oncology,PA,2024-08-28,2361.69,Speaker Fee,MedCore Ltd
PHY00454,Rheumatology,TX,2025-03-18,318.86,Travel & Lodging,NovaHealth Inc
PHY00353,Cardiology,IL,2025-04-08,160.37,Royalty,MedCore Ltd
PHY00363,Cardiology,MI,2025-01-17,86.04,Speaker Fee,MedCore Ltd
PHY00184,Endocrinology,CA,2025-02-28,2540.19,Meal,Acme Pharma
PHY00484,Rheumatology,MI,2024-09-16,930.76,Royalty,MedCore Ltd
PHY00159,Cardiology,MI,2025-06-02,407.89,Speaker Fee,Acme Pharma
PHY00438,Psychiatry,NY,2024-05-15,198.97,Research Payment,MedCore Ltd
PHY00078,Neurology,OH,2025-11-20,576.91,Travel & Lodging,MedCore Ltd
PHY00281,Neurology,IL,2024-11-03,713.25,Research Payment,NovaHealth Inc
PHY00432,Rheumatology,FL,2024-02-21,181.46,Meal,Acme Pharma
PHY00400,Cardiology,TX,2025-06-30,3118.76,Meal,BioGen Solutions
PHY00048,General Practice,MI,2025-01-13,791.09,Consulting Fee,MedCore Ltd
PHY00079,General Practice,MI,2025-01-19,861.1,Consulting Fee,NovaHealth Inc
PHY00256,Endocrinology,NY,2025-04-01,203.65,Research Payment,NovaHealth Inc
PHY00094,Rheumatology,IL,2025-12-19,286.53,Speaker Fee,BioGen Solutions
PHY00104,Neurology,PA,2025-11-10,943.79,Speaker Fee,BioGen Solutions
PHY00496,General Practice,PA,2024-02-08,34.46,Royalty,MedCore Ltd
PHY00039,Cardiology,GA,2024-02-16,331.32,Meal,MedCore Ltd
PHY00095,Rheumatology,CA,2024-12-26,2707.68,Meal,MedCore Ltd
PHY00341,Endocrinology,NC,2025-07-08,319.7,Meal,Acme Pharma
PHY00085,General Practice,IL,2024-06-03,115.0,Travel & Lodging,BioGen Solutions
PHY00099,Rheumatology,OH,2025-09-07,104.79,Meal,BioGen Solutions
PHY00362,Cardiology,MI,2024-04-21,147.17,Travel & Lodging,MedCore Ltd
PHY00231,Rheumatology,MI,2024-08-26,136.05,Research Payment,Acme Pharma
PHY00436,Psychiatry,NC,2025-07-14,96.08,Speaker Fee,NovaHealth Inc
PHY00077,Neurology,MI,2024-03-02,161.78,Research Payment,NovaHealth Inc
PHY00125,Pulmonology,MI,2024-06-09,70.02,Speaker Fee,BioGen Solutions
PHY00357,Oncology,IL,2025-11-15,839.67,Royalty,Acme Pharma
PHY00285,Oncology,FL,2024-01-02,762.81,Research Payment,Acme Pharma
PHY00108,Neurology,FL,2024-10-02,549.84,Meal,Acme Pharma
PHY00293,Cardiology,CA,2025-08-06,221.58,Royalty,MedCore Ltd
PHY00301,Cardiology,GA,2025-03-03,956.64,Travel & Lodging,Acme Pharma
PHY00146,General Practice,CA,2025-09-23,129.71,Meal,NovaHealth Inc
PHY00413,Rheumatology,FL,2024-04-16,622.11,Meal,BioGen Solutions
PHY00262,Rheumatology,OH,2024-06-07,384.01,Travel & Lodging,Acme Pharma
PHY00297,Rheumatology,NY,2025-05-12,125.56,Research Payment,Acme Pharma
PHY00280,Oncology,MI,2024-09-01,60.72,Royalty,NovaHealth Inc
PHY00238,Rheumatology,NC,2025-12-15,587.93,Travel & Lodging,Acme Pharma
PHY00356,General Practice,NY,2025-06-08,971.94,Consulting Fee,BioGen Solutions
PHY00326,Rheumatology,NC,2024-05-27,1063.44,Travel & Lodging,MedCore Ltd
PHY00191,General Practice,OH,2025-09-04,35.19,Royalty,NovaHealth Inc
PHY00220,General Practice,OH,2025-03-17,86.29,Research Payment,Acme Pharma
PHY00155,Pulmonology,CA,2024-01-28,3975.56,Speaker Fee,Acme Pharma
PHY00001,General Practice,IL,2025-05-16,156.76,Meal,MedCore Ltd
PHY00058,Cardiology,IL,2025-11-25,84.21,Royalty,NovaHealth Inc
PHY00310,Rheumatology,MI,2025-08-21,202.01,Travel & Lodging,BioGen Solutions
PHY00134,Pulmonology,OH,2024-09-23,961.31,Speaker Fee,Acme Pharma
PHY00099,Rheumatology,OH,2024-09-03,59.37,Meal,Acme Pharma
PHY00028,Oncology,MI,2024-08-07,702.62,Speaker Fee,BioGen Solutions
PHY00428,Neurology,OH,2024-12-16,78.59,Research Payment,NovaHealth Inc
PHY00492,Pulmonology,OH,2025-08-16,275.99,Travel & Lodging,MedCore Ltd
PHY00226,Oncology,IL,2024-04-17,189.28,Research Payment,BioGen Solutions
PHY00033,Neurology,MI,2024-01-23,1218.76,Royalty,NovaHealth Inc
PHY00336,Psychiatry,CA,2024-12-23,161.95,Speaker Fee,MedCore Ltd
PHY00359,Cardiology,IL,2025-08-24,43.13,Meal,Acme Pharma
PHY00146,General Practice,CA,2025-04-22,140.04,Meal,NovaHealth Inc
PHY00141,Psychiatry,CA,2025-02-11,180.82,Meal,BioGen Solutions
PHY00281,Neurology,IL,2024-02-19,219.44,Royalty,NovaHealth Inc
PHY00076,Oncology,NY,2025-08-18,102.61,Speaker Fee,NovaHealth Inc
PHY00297,Rheumatology,NY,2025-08-28,36.63,Consulting Fee,NovaHealth Inc
PHY00164,Neurology,OH,2025-05-11,132.85,Speaker Fee,MedCore Ltd
PHY00270,Endocrinology,CA,2024-10-13,8.55,Speaker Fee,MedCore Ltd
PHY00068,Cardiology,OH,2024-07-11,110.13,Consulting Fee,MedCore Ltd
PHY00025,Neurology,OH,2025-10-04,359.35,Research Payment,NovaHealth Inc
PHY00374,Psychiatry,TX,2025-02-25,700.26,Travel & Lodging,BioGen Solutions
PHY00291,Cardiology,NC,2025-05-02,354.26,Consulting Fee,Acme Pharma
PHY00078,Neurology,OH,2024-02-07,21.94,Meal,NovaHealth Inc
PHY00400,Cardiology,TX,2025-09-27,108.41,Research Payment,MedCore Ltd
PHY00255,Cardiology,PA,2025-08-31,50.92,Meal,BioGen Solutions
PHY00299,Pulmonology,NC,2025-07-12,321.17,Travel & Lodging,NovaHealth Inc
PHY00194,General Practice,NC,2024-06-05,598.95,Speaker Fee,Acme Pharma
PHY00291,Cardiology,NC,2025-06-05,112.32,Royalty,Acme Pharma
PHY00171,Psychiatry,NC,2025-06-16,145.67,Meal,MedCore Ltd
PHY00247,Cardiology,CA,2024-01-05,92.49,Consulting Fee,Acme Pharma
PHY00402,Neurology,TX,2024-05-28,113.73,Speaker Fee,BioGen Solutions
PHY00169,General Practice,GA,2024-05-31,264.4,Consulting Fee,NovaHealth Inc
PHY00044,Psychiatry,OH,2025-11-27,151.69,Speaker Fee,BioGen Solutions
PHY00351,Neurology,PA,2025-12-22,143.17,Meal,NovaHealth Inc
PHY00043,Oncology,TX,2025-04-10,325.47,Meal,Acme Pharma
PHY00109,Rheumatology,IL,2024-07-11,190.06,Meal,MedCore Ltd
PHY00280,Oncology,MI,2024-02-05,19.32,Meal,BioGen Solutions
PHY00390,Cardiology,IL,2024-12-24,785.36,Royalty,BioGen Solutions
PHY00228,Rheumatology,OH,2024-07-20,915.4,Royalty,Acme Pharma
PHY00500,Neurology,FL,2025-11-29,108.78,Travel & Lodging,BioGen Solutions
PHY00114,Rheumatology,FL,2025-05-31,525.83,Consulting Fee,NovaHealth Inc
PHY00267,Neurology,GA,2025-10-30,164.11,Speaker Fee,NovaHealth Inc
PHY00398,Rheumatology,TX,2025-01-10,246.57,Travel & Lodging,MedCore Ltd
PHY00423,Rheumatology,PA,2025-12-01,26.63,Speaker Fee,NovaHealth Inc
PHY00059,Endocrinology,CA,2024-04-05,77.67,Royalty,BioGen Solutions
PHY00455,Pulmonology,CA,2025-04-17,145.68,Royalty,Acme Pharma
PHY00463,Rheumatology,CA,2025-06-20,524.51,Speaker Fee,NovaHealth Inc
PHY00074,Oncology,CA,2025-05-08,158.75,Research Payment,NovaHealth Inc
PHY00413,Rheumatology,FL,2025-09-05,250.63,Research Payment,Acme Pharma
PHY00142,Cardiology,CA,2024-03-13,151.44,Royalty,BioGen Solutions
PHY00439,General Practice,TX,2024-04-20,219.81,Royalty,BioGen Solutions
PHY00302,Cardiology,PA,2025-11-26,115.47,Consulting Fee,BioGen Solutions
PHY00307,Neurology,FL,2024-11-05,29.91,Meal,BioGen Solutions
PHY00283,Rheumatology,IL,2025-03-07,126.37,Meal,Acme Pharma
PHY00147,Endocrinology,CA,2025-04-25,848.0,Travel & Lodging,Acme Pharma
PHY00094,Rheumatology,IL,2024-07-04,600.54,Speaker Fee,MedCore Ltd
PHY00042,General Practice,TX,2024-01-13,62.91,Meal,Acme Pharma
PHY00212,General Practice,NY,2025-10-17,94.21,Research Payment,BioGen Solutions
PHY00254,Pulmonology,FL,2025-04-19,278.68,Research Payment,NovaHealth Inc
PHY00488,Neurology,NC,2024-10-05,53.78,Travel & Lodging,NovaHealth Inc
PHY00113,Psychiatry,OH,2025-07-22,103.21,Consulting Fee,MedCore Ltd
PHY00469,Pulmonology,NY,2025-07-20,260.53,Research Payment,MedCore Ltd
PHY00063,Pulmonology,OH,2024-07-02,608.4,Consulting Fee,BioGen Solutions
PHY00429,Cardiology,OH,2024-03-13,117.9,Consulting Fee,Acme Pharma
PHY00069,Neurology,GA,2024-01-09,1808.23,Speaker Fee,MedCore Ltd
PHY00296,Neurology,PA,2025-10-07,353.78,Travel & Lodging,NovaHealth Inc
PHY00196,Oncology,CA,2024-07-21,281.23,Travel & Lodging,BioGen Solutions
PHY00190,Rheumatology,OH,2024-01-12,208.7,Travel & Lodging,Acme Pharma
PHY00030,Neurology,TX,2025-12-25,272.22,Speaker Fee,MedCore Ltd
PHY00285,Oncology,FL,2024-04-21,126.65,Royalty,MedCore Ltd
PHY00021,Rheumatology,GA,2024-05-24,1067.16,Meal,BioGen Solutions
PHY00496,General Practice,PA,2025-09-16,374.14,Meal,Acme Pharma
PHY00385,Pulmonology,PA,2024-11-09,474.1,Consulting Fee,NovaHealth Inc
PHY00339,Neurology,IL,2025-05-07,214.4,Royalty,MedCore Ltd
PHY00403,Endocrinology,FL,2025-08-21,1513.21,Meal,BioGen Solutions
PHY00027,Rheumatology,OH,2024-08-10,449.32,Speaker Fee,MedCore Ltd
PHY00424,Endocrinology,IL,2024-12-16,201.93,Research Payment,Acme Pharma
PHY00393,Psychiatry,NY,2025-01-27,182.71,Research Payment,MedCore Ltd
PHY00278,Rheumatology,IL,2025-06-27,843.58,Royalty,NovaHealth Inc
PHY00136,Pulmonology,CA,2025-04-28,389.87,Research Payment,MedCore Ltd
PHY00302,Cardiology,PA,2025-07-08,292.52,Consulting Fee,MedCore Ltd
PHY00071,Oncology,TX,2025-06-03,199.24,Consulting Fee,NovaHealth Inc
PHY00401,Psychiatry,NY,2024-02-21,22.47,Consulting Fee,Acme Pharma
PHY00038,Cardiology,CA,2025-01-14,364.62,Royalty,NovaHealth Inc
PHY00068,Cardiology,OH,2024-06-27,1959.56,Consulting Fee,NovaHealth Inc
PHY00013,Endocrinology,TX,2025-03-18,988.38,Royalty,MedCore Ltd
PHY00286,Endocrinology,NY,2024-09-14,274.09,Speaker Fee,NovaHealth Inc
PHY00393,Psychiatry,NY,2025-12-05,111.24,Research Payment,NovaHealth Inc
PHY00463,Rheumatology,CA,2024-02-01,496.23,Royalty,NovaHealth Inc
PHY00047,Psychiatry,NC,2024-09-26,61.0,Research Payment,BioGen Solutions
PHY00063,Pulmonology,OH,2024-01-19,153.97,Travel & Lodging,MedCore Ltd
PHY00308,Oncology,MI,2024-07-03,81.54,Meal,MedCore Ltd
PHY00372,Psychiatry,CA,2025-06-13,140.32,Speaker Fee,MedCore Ltd
PHY00472,Psychiatry,PA,2024-07-26,68.16,Meal,BioGen Solutions
PHY00263,Pulmonology,NY,2025-05-20,899.37,Royalty,MedCore Ltd
PHY00012,General Practice,GA,2025-12-22,74.14,Royalty,BioGen Solutions
PHY00256,Endocrinology,NY,2025-04-07,120.65,Meal,MedCore Ltd
PHY00249,Cardiology,FL,2024-04-14,54.38,Royalty,BioGen Solutions
PHY00287,Cardiology,NY,2024-06-17,114.58,Speaker Fee,Acme Pharma
PHY00001,General Practice,IL,2025-12-12,447.89,Consulting Fee,MedCore Ltd
PHY00378,Cardiology,MI,2024-01-28,825.67,Meal,BioGen Solutions
PHY00345,Endocrinology,TX,2025-11-20,62.99,Travel & Lodging,Acme Pharma
PHY00418,Oncology,CA,2024-06-15,363.24,Meal,Acme Pharma
PHY00111,Psychiatry,MI,2025-11-22,356.03,Meal,MedCore Ltd
PHY00207,Psychiatry,FL,2024-08-21,762.74,Royalty,NovaHealth Inc
PHY00378,Cardiology,MI,2025-06-05,80.57,Consulting Fee,Acme Pharma
PHY00206,Pulmonology,OH,2025-09-15,68.76,Speaker Fee,MedCore Ltd
PHY00118,Rheumatology,MI,2024-01-09,334.59,Royalty,BioGen Solutions
PHY00455,Pulmonology,CA,2024-08-27,694.48,Consulting Fee,MedCore Ltd
PHY00199,Pulmonology,PA,2025-07-08,80.16,Meal,BioGen Solutions
PHY00447,Endocrinology,PA,2024-03-24,504.03,Royalty,Acme Pharma
PHY00489,Cardiology,OH,2024-02-28,272.65,Research Payment,BioGen Solutions
PHY00488,Neurology,NC,2024-12-07,49.02,Research Payment,NovaHealth Inc
PHY00216,Pulmonology,FL,2024-09-12,126.58,Meal,NovaHealth Inc
PHY00316,Psychiatry,CA,2025-12-06,530.29,Research Payment,Acme Pharma
PHY00312,General Practice,IL,2025-02-15,123.4,Royalty,Acme Pharma
PHY00004,General Practice,NY,2025-04-18,198.25,Royalty,Acme Pharma
PHY00147,Endocrinology,CA,2024-12-31,218.25,Speaker Fee,BioGen Solutions
PHY00433,Pulmonology,GA,2025-05-02,52.52,Consulting Fee,NovaHealth Inc
PHY00370,General Practice,FL,2024-06-26,932.96,Consulting Fee,NovaHealth Inc
PHY00056,Neurology,PA,2025-08-12,416.6,Meal,BioGen Solutions
PHY00463,Rheumatology,CA,2024-03-22,205.7,Royalty,NovaHealth Inc
PHY00193,Cardiology,NY,2025-09-09,819.56,Travel & Lodging,MedCore Ltd
PHY00290,Psychiatry,TX,2025-03-20,251.66,Meal,BioGen Solutions
PHY00040,Endocrinology,NY,2024-07-11,424.14,Consulting Fee,MedCore Ltd
PHY00389,Cardiology,OH,2025-02-10,64.99,Travel & Lodging,NovaHealth Inc
PHY00345,Endocrinology,TX,2025-03-16,533.54,Travel & Lodging,MedCore Ltd
PHY00499,Cardiology,CA,2025-06-12,107.9,Research Payment,Acme Pharma
PHY00190,Rheumatology,OH,2024-12-05,321.91,Royalty,MedCore Ltd
PHY00444,Psychiatry,IL,2024-12-24,117.01,Consulting Fee,Acme Pharma
PHY00249,Cardiology,FL,2024-02-11,959.55,Research Payment,MedCore Ltd
PHY00449,General Practice,PA,2025-03-12,3017.17,Research Payment,NovaHealth Inc
PHY00019,Psychiatry,MI,2025-07-18,85.5,Meal,BioGen Solutions
PHY00081,General Practice,MI,2025-12-05,676.79,Research Payment,Acme Pharma
PHY00326,Rheumatology,NC,2024-06-02,1596.27,Meal,BioGen Solutions
PHY00350,General Practice,OH,2025-11-18,237.58,Royalty,BioGen Solutions
PHY00143,Neurology,NY,2024-07-07,623.3,Speaker Fee,NovaHealth Inc
PHY00095,Rheumatology,CA,2024-03-04,539.81,Research Payment,BioGen Solutions
PHY00009,General Practice,MI,2025-04-03,1317.05,Speaker Fee,NovaHealth Inc
PHY00073,Cardiology,NY,2024-03-24,61.3,Travel & Lodging,Acme Pharma
PHY00458,Psychiatry,MI,2024-06-05,114.31,Research Payment,MedCore Ltd
PHY00203,General Practice,NC,2025-10-02,948.25,Research Payment,NovaHealth Inc
PHY00321,Psychiatry,NY,2024-05-01,30.15,Royalty,Acme Pharma
PHY00113,Psychiatry,OH,2025-02-09,68.97,Speaker Fee,Acme Pharma
PHY00070,Rheumatology,FL,2024-06-08,84.91,Royalty,BioGen Solutions
PHY00194,General Practice,NC,2024-11-03,43.33,Research Payment,BioGen Solutions
PHY00281,Neurology,IL,2025-11-05,456.33,Travel & Lodging,MedCore Ltd
PHY00483,Pulmonology,TX,2024-08-10,671.78,Research Payment,Acme Pharma
PHY00456,Endocrinology,MI,2024-07-10,184.23,Speaker Fee,BioGen Solutions
PHY00452,Rheumatology,NC,2025-06-15,8.61,Speaker Fee,Acme Pharma
PHY00080,Neurology,IL,2024-06-02,141.17,Travel & Lodging,Acme Pharma
PHY00041,Endocrinology,OH,2025-07-03,246.47,Research Payment,BioGen Solutions
PHY00270,Endocrinology,CA,2024-05-06,167.33,Research Payment,NovaHealth Inc
PHY00430,Neurology,PA,2025-06-11,85.4,Royalty,Acme Pharma
PHY00239,Endocrinology,TX,2024-09-19,352.94,Meal,MedCore Ltd
PHY00418,Oncology,CA,2024-12-25,630.59,Consulting Fee,MedCore Ltd
PHY00122,Pulmonology,FL,2024-08-28,105.7,Meal,MedCore Ltd
PHY00263,Pulmonology,NY,2024-05-14,152.73,Speaker Fee,NovaHealth Inc
PHY00386,Psychiatry,IL,2024-10-29,245.12,Consulting Fee,NovaHealth Inc
PHY00389,Cardiology,OH,2025-04-03,109.03,Research Payment,MedCore Ltd
PHY00413,Rheumatology,FL,2025-12-15,330.52,Meal,BioGen Solutions
PHY00275,Cardiology,GA,2024-10-04,155.85,Speaker Fee,MedCore Ltd
PHY00017,Neurology,MI,2024-07-22,249.55,Meal,BioGen Solutions
PHY00210,Pulmonology,IL,2025-05-13,74.86,Speaker Fee,Acme Pharma
PHY00480,Neurology,OH,2024-03-18,217.86,Speaker Fee,MedCore Ltd
PHY00465,Neurology,FL,2024-05-14,1038.15,Meal,NovaHealth Inc
PHY00010,Oncology,NY,2025-08-03,138.71,Meal,BioGen Solutions
PHY00454,Rheumatology,TX,2025-10-05,26.8,Research Payment,BioGen Solutions
PHY00018,Psychiatry,TX,2025-08-27,19.21,Meal,MedCore Ltd
PHY00483,Pulmonology,TX,2024-06-20,1094.5,Travel & Lodging,BioGen Solutions
PHY00120,Pulmonology,PA,2024-03-06,81.74,Research Payment,NovaHealth Inc
PHY00098,Neurology,PA,2025-10-31,695.51,Travel & Lodging,NovaHealth Inc
PHY00344,Oncology,CA,2024-02-02,229.72,Speaker Fee,BioGen Solutions
PHY00071,Oncology,TX,2024-11-08,24.21,Travel & Lodging,MedCore Ltd
PHY00079,General Practice,MI,2024-06-17,1380.95,Meal,NovaHealth Inc
PHY00260,Endocrinology,MI,2024-01-05,306.81,Consulting Fee,MedCore Ltd
PHY00343,Endocrinology,CA,2024-12-25,178.04,Meal,MedCore Ltd
PHY00281,Neurology,IL,2025-05-25,52.85,Royalty,NovaHealth Inc
PHY00115,General Practice,CA,2024-08-23,241.19,Speaker Fee,MedCore Ltd
PHY00142,Cardiology,CA,2025-06-11,75.67,Speaker Fee,NovaHealth Inc
PHY00030,Neurology,TX,2024-03-22,241.53,Meal,Acme Pharma
PHY00370,General Practice,FL,2025-06-30,174.9,Speaker Fee,Acme Pharma
PHY00230,Pulmonology,NC,2024-08-14,55.92,Travel & Lodging,MedCore Ltd
PHY00032,Cardiology,GA,2024-04-02,127.56,Speaker Fee,Acme Pharma
PHY00390,Cardiology,IL,2024-08-07,227.19,Research Payment,NovaHealth Inc
PHY00309,Psychiatry,GA,2024-12-31,973.01,Consulting Fee,BioGen Solutions
PHY00087,Rheumatology,MI,2025-01-04,137.68,Speaker Fee,BioGen Solutions
PHY00235,Neurology,OH,2024-11-26,864.98,Meal,NovaHealth Inc
PHY00412,Psychiatry,IL,2024-08-11,1703.52,Royalty,NovaHealth Inc
PHY00228,Rheumatology,OH,2024-07-12,97.08,Speaker Fee,Acme Pharma
PHY00243,Neurology,IL,2025-01-23,17.4,Royalty,NovaHealth Inc
PHY00480,Neurology,OH,2024-10-14,187.79,Speaker Fee,NovaHealth Inc
PHY00166,Cardiology,MI,2025-11-25,105.72,Consulting Fee,NovaHealth Inc
PHY00427,Cardiology,NC,2025-04-11,410.54,Consulting Fee,MedCore Ltd
PHY00420,Rheumatology,GA,2025-08-30,161.46,Royalty,NovaHealth Inc
PHY00420,Rheumatology,GA,2024-11-21,585.11,Royalty,Acme Pharma
PHY00277,Cardiology,PA,2025-07-26,1727.66,Meal,BioGen Solutions
PHY00155,Pulmonology,CA,2024-07-04,87.63,Consulting Fee,Acme Pharma
PHY00069,Neurology,GA,2025-09-18,866.92,Meal,Acme Pharma
PHY00105,Oncology,NC,2025-01-05,370.65,Research Payment,BioGen Solutions
PHY00295,Oncology,PA,2025-10-07,623.22,Consulting Fee,NovaHealth Inc
PHY00403,Endocrinology,FL,2025-09-30,298.06,Travel & Lodging,BioGen Solutions
PHY00010,Oncology,NY,2025-09-10,388.01,Speaker Fee,Acme Pharma
PHY00107,Rheumatology,CA,2025-10-21,644.84,Speaker Fee,Acme Pharma
PHY00342,Neurology,PA,2024-06-26,99.06,Research Payment,BioGen Solutions
PHY00254,Pulmonology,FL,2025-05-14,14.72,Research Payment,MedCore Ltd
PHY00266,Oncology,FL,2024-01-13,266.17,Meal,MedCore Ltd
PHY00113,Psychiatry,OH,2024-09-08,295.3,Travel & Lodging,Acme Pharma
PHY00053,Endocrinology,CA,2024-05-09,211.63,Consulting Fee,NovaHealth Inc
PHY00135,General Practice,TX,2024-05-26,1053.24,Meal,BioGen Solutions
PHY00065,General Practice,PA,2024-10-21,231.99,Meal,NovaHealth Inc
PHY00333,Neurology,GA,2024-08-07,178.58,Royalty,NovaHealth Inc
PHY00286,Endocrinology,NY,2025-05-26,98.0,Royalty,BioGen Solutions
PHY00170,Rheumatology,FL,2025-07-17,260.73,Research Payment,MedCore Ltd
PHY00105,Oncology,NC,2025-11-04,24.66,Research Payment,Acme Pharma
PHY00374,Psychiatry,TX,2024-11-30,152.59,Consulting Fee,NovaHealth Inc
PHY00173,Endocrinology,NC,2025-04-21,917.28,Speaker Fee,NovaHealth Inc
PHY00382,Rheumatology,NY,2025-11-06,282.06,Consulting Fee,BioGen Solutions
PHY00424,Endocrinology,IL,2024-01-05,89.74,Consulting Fee,MedCore Ltd
PHY00230,Pulmonology,NC,2024-05-04,176.45,Royalty,BioGen Solutions
PHY00357,Oncology,IL,2025-06-10,281.92,Travel & Lodging,Acme Pharma
PHY00288,Pulmonology,FL,2024-10-03,19.7,Meal,MedCore Ltd
PHY00083,Pulmonology,OH,2024-08-05,1316.48,Speaker Fee,MedCore Ltd
PHY00339,Neurology,IL,2025-12-11,177.51,Royalty,Acme Pharma
PHY00475,Endocrinology,GA,2025-02-22,67.78,Consulting Fee,Acme Pharma
PHY00471,Pulmonology,GA,2024-02-05,38.53,Research Payment,MedCore Ltd
PHY00259,Psychiatry,MI,2025-06-14,2868.36,Research Payment,BioGen Solutions
PHY00361,Neurology,IL,2025-12-16,106.42,Research Payment,NovaHealth Inc
PHY00302,Cardiology,PA,2025-10-16,23.44,Meal,NovaHealth Inc
PHY00008,Pulmonology,PA,2024-03-09,168.6,Royalty,BioGen Solutions
PHY00063,Pulmonology,OH,2024-03-08,514.35,Royalty,BioGen Solutions
PHY00313,Neurology,NC,2024-01-31,155.93,Royalty,BioGen Solutions
PHY00207,Psychiatry,FL,2025-10-30,297.67,Speaker Fee,NovaHealth Inc
PHY00353,Cardiology,IL,2024-12-01,1413.83,Travel & Lodging,NovaHealth Inc
PHY00289,Cardiology,NC,2024-05-19,827.79,Meal,Acme Pharma
PHY00352,Cardiology,CA,2025-02-03,306.42,Research Payment,Acme Pharma
PHY00376,Neurology,OH,2024-12-21,210.58,Research Payment,MedCore Ltd
PHY00435,Neurology,GA,2024-01-21,411.72,Travel & Lodging,NovaHealth Inc
PHY00245,General Practice,NY,2024-03-13,64.05,Royalty,Acme Pharma
PHY00342,Neurology,PA,2024-10-16,18.23,Travel & Lodging,BioGen Solutions
PHY00426,Pulmonology,NY,2025-12-02,202.54,Research Payment,NovaHealth Inc
PHY00218,Pulmonology,OH,2025-04-23,496.31,Speaker Fee,MedCore Ltd
PHY00352,Cardiology,CA,2024-01-10,157.8,Meal,Acme Pharma
PHY00030,Neurology,TX,2024-05-07,340.92,Royalty,Acme Pharma
PHY00055,General Practice,MI,2025-04-24,192.83,Travel & Lodging,NovaHealth Inc
PHY00287,Cardiology,NY,2025-01-25,191.14,Consulting Fee,Acme Pharma
PHY00272,Psychiatry,NC,2024-10-25,60.93,Research Payment,BioGen Solutions
PHY00463,Rheumatology,CA,2024-10-27,27.69,Meal,Acme Pharma
PHY00164,Neurology,OH,2024-06-24,698.61,Travel & Lodging,MedCore Ltd
PHY00202,Psychiatry,FL,2024-06-16,301.04,Royalty,NovaHealth Inc
PHY00142,Cardiology,CA,2025-12-25,301.79,Speaker Fee,BioGen Solutions
PHY00065,General Practice,PA,2024-12-09,118.55,Meal,NovaHealth Inc
PHY00494,Rheumatology,CA,2024-08-21,30.53,Travel & Lodging,NovaHealth Inc
PHY00144,Psychiatry,IL,2024-07-19,1116.17,Royalty,BioGen Solutions
PHY00415,Endocrinology,GA,2025-04-28,386.45,Travel & Lodging,BioGen Solutions
PHY00432,Rheumatology,FL,2025-10-31,1225.7,Speaker Fee,NovaHealth Inc
PHY00055,General Practice,MI,2025-12-13,567.24,Meal,Acme Pharma
PHY00392,Endocrinology,TX,2025-01-19,452.4,Meal,NovaHealth Inc
PHY00047,Psychiatry,NC,2024-07-21,106.27,Speaker Fee,MedCore Ltd
PHY00412,Psychiatry,IL,2024-09-17,807.34,Royalty,Acme Pharma
PHY00086,Endocrinology,CA,2025-03-05,238.04,Consulting Fee,Acme Pharma
PHY00383,Neurology,TX,2025-02-15,197.0,Royalty,Acme Pharma
PHY00396,Neurology,TX,2024-12-03,161.98,Research Payment,BioGen Solutions
PHY00113,Psychiatry,OH,2024-06-24,283.09,Research Payment,NovaHealth Inc
PHY00424,Endocrinology,IL,2025-01-16,103.24,Speaker Fee,NovaHealth Inc
PHY00090,Oncology,TX,2024-12-08,217.75,Royalty,MedCore Ltd
PHY00200,Endocrinology,NY,2024-02-24,1908.68,Travel & Lodging,NovaHealth Inc
PHY00285,Oncology,FL,2025-10-24,112.77,Speaker Fee,BioGen Solutions
PHY00177,Endocrinology,NC,2025-03-24,341.58,Travel & Lodging,BioGen Solutions
PHY00239,Endocrinology,TX,2024-09-23,88.5,Royalty,NovaHealth Inc
PHY00128,Cardiology,MI,2025-04-27,245.18,Consulting Fee,MedCore Ltd
PHY00211,General Practice,IL,2025-12-17,151.97,Research Payment,NovaHealth Inc
PHY00043,Oncology,TX,2025-09-20,51.83,Royalty,NovaHealth Inc
PHY00305,Oncology,GA,2025-12-15,46.37,Consulting Fee,Acme Pharma
PHY00209,Rheumatology,MI,2024-10-21,367.42,Consulting Fee,Acme Pharma
PHY00416,Cardiology,CA,2025-05-21,209.75,Consulting Fee,MedCore Ltd
PHY00069,Neurology,GA,2024-01-30,79.6,Meal,BioGen Solutions
PHY00439,General Practice,TX,2024-02-05,67.28,Meal,BioGen Solutions
PHY00077,Neurology,MI,2025-08-12,689.42,Research Payment,NovaHealth Inc
PHY00144,Psychiatry,IL,2025-11-14,354.49,Travel & Lodging,Acme Pharma
PHY00253,Neurology,FL,2025-01-09,419.47,Royalty,Acme Pharma
PHY00360,Endocrinology,IL,2024-10-14,91.96,Speaker Fee,NovaHealth Inc
PHY00423,Rheumatology,PA,2024-02-19,2029.56,Royalty,Acme Pharma
PHY00213,Pulmonology,NC,2024-03-06,133.05,Research Payment,BioGen Solutions
PHY00338,Endocrinology,CA,2025-10-24,88.62,Consulting Fee,Acme Pharma
PHY00135,General Practice,TX,2025-07-19,67.24,Consulting Fee,NovaHealth Inc
PHY00132,Pulmonology,FL,2024-11-29,319.3,Speaker Fee,BioGen Solutions
PHY00192,Endocrinology,NC,2024-05-21,46.55,Meal,Acme Pharma
PHY00490,Pulmonology,IL,2025-07-14,413.6,Research Payment,BioGen Solutions
PHY00416,Cardiology,CA,2025-06-03,99.42,Research Payment,MedCore Ltd
PHY00296,Neurology,PA,2024-04-15,301.14,Travel & Lodging,Acme Pharma
PHY00308,Oncology,MI,2024-02-22,196.5,Travel & Lodging,Acme Pharma
PHY00104,Neurology,PA,2025-01-03,42.29,Research Payment,Acme Pharma
PHY00233,Neurology,CA,2025-09-01,410.65,Speaker Fee,BioGen Solutions
PHY00439,General Practice,TX,2024-02-28,99.4,Speaker Fee,NovaHealth Inc
PHY00136,Pulmonology,CA,2024-01-18,453.62,Travel & Lodging,BioGen Solutions
PHY00272,Psychiatry,NC,2025-05-20,254.87,Meal,BioGen Solutions
PHY00212,General Practice,NY,2025-11-21,1019.76,Consulting Fee,BioGen Solutions
PHY00195,General Practice,CA,2024-01-30,357.85,Research Payment,Acme Pharma
PHY00426,Pulmonology,NY,2025-12-04,941.07,Travel & Lodging,BioGen Solutions
PHY00456,Endocrinology,MI,2025-03-19,356.47,Royalty,NovaHealth Inc
PHY00247,Cardiology,CA,2024-08-21,148.83,Speaker Fee,MedCore Ltd
PHY00495,Pulmonology,OH,2024-08-22,49.27,Royalty,Acme Pharma
PHY00462,Pulmonology,GA,2025-03-24,109.63,Research Payment,Acme Pharma
PHY00026,Rheumatology,MI,2025-10-09,169.24,Meal,MedCore Ltd
PHY00049,Rheumatology,PA,2025-10-15,1265.11,Royalty,BioGen Solutions
PHY00285,Oncology,FL,2025-09-19,169.47,Travel & Lodging,Acme Pharma
PHY00394,Psychiatry,OH,2025-08-17,781.64,Speaker Fee,Acme Pharma
PHY00001,General Practice,IL,2024-08-03,690.64,Royalty,BioGen Solutions
PHY00287,Cardiology,NY,2025-05-25,34.0,Speaker Fee,BioGen Solutions
PHY00309,Psychiatry,GA,2025-04-02,992.93,Royalty,BioGen Solutions
PHY00244,Cardiology,PA,2024-08-02,1646.05,Speaker Fee,BioGen Solutions
PHY00343,Endocrinology,CA,2024-05-27,817.8,Speaker Fee,Acme Pharma
PHY00198,Neurology,NC,2024-05-22,208.13,Research Payment,NovaHealth Inc
PHY00261,Cardiology,NY,2024-08-18,310.43,Meal,NovaHealth Inc
PHY00446,Endocrinology,MI,2024-08-17,6158.4,Royalty,Acme Pharma
PHY00193,Cardiology,NY,2025-02-04,334.63,Consulting Fee,BioGen Solutions
PHY00355,Psychiatry,PA,2025-01-12,120.95,Meal,Acme Pharma
PHY00259,Psychiatry,MI,2024-11-30,95.28,Travel & Lodging,MedCore Ltd
PHY00262,Rheumatology,OH,2025-09-22,677.4,Consulting Fee,Acme Pharma
PHY00452,Rheumatology,NC,2024-09-07,241.19,Meal,MedCore Ltd
PHY00084,Psychiatry,NC,2024-10-23,183.56,Research Payment,NovaHealth Inc
PHY00113,Psychiatry,OH,2024-08-04,672.69,Speaker Fee,MedCore Ltd
PHY00404,Cardiology,NC,2024-02-06,348.08,Travel & Lodging,NovaHealth Inc
PHY00499,Cardiology,CA,2025-01-23,170.4,Royalty,MedCore Ltd
PHY00152,Endocrinology,TX,2024-12-30,41.21,Consulting Fee,MedCore Ltd
PHY00323,Neurology,TX,2024-03-19,188.17,Consulting Fee,Acme Pharma
PHY00244,Cardiology,PA,2024-08-19,327.58,Royalty,MedCore Ltd
PHY00192,Endocrinology,NC,2025-06-23,499.36,Consulting Fee,MedCore Ltd
PHY00167,Psychiatry,IL,2024-10-10,174.23,Consulting Fee,MedCore Ltd
PHY00137,Cardiology,FL,2024-06-04,216.48,Research Payment,BioGen Solutions
PHY00010,Oncology,NY,2024-03-20,255.97,Royalty,MedCore Ltd
PHY00203,General Practice,NC,2024-04-25,2000.92,Meal,MedCore Ltd
PHY00365,General Practice,CA,2025-08-05,122.38,Meal,NovaHealth Inc
PHY00013,Endocrinology,TX,2025-05-22,191.46,Royalty,Acme Pharma
PHY00331,Cardiology,IL,2024-02-25,77.59,Meal,BioGen Solutions
PHY00226,Oncology,IL,2024-11-03,422.37,Meal,Acme Pharma
PHY00309,Psychiatry,GA,2024-06-05,38.21,Consulting Fee,NovaHealth Inc
PHY00021,Rheumatology,GA,2024-04-21,155.57,Royalty,Acme Pharma
PHY00307,Neurology,FL,2024-06-09,83.08,Speaker Fee,NovaHealth Inc
PHY00278,Rheumatology,IL,2024-11-15,297.44,Royalty,NovaHealth Inc
PHY00032,Cardiology,GA,2024-07-04,21.32,Royalty,NovaHealth Inc
PHY00161,General Practice,TX,2024-09-06,53.76,Travel & Lodging,BioGen Solutions
PHY00002,Neurology,OH,2024-07-12,55.96,Royalty,BioGen Solutions
PHY00499,Cardiology,CA,2024-04-19,44.68,Meal,Acme Pharma
PHY00375,Cardiology,GA,2025-02-24,1402.89,Consulting Fee,NovaHealth Inc
PHY00228,Rheumatology,OH,2025-04-15,282.32,Speaker Fee,NovaHealth Inc
PHY00232,Neurology,MI,2025-03-02,102.02,Consulting Fee,Acme Pharma
PHY00172,Pulmonology,IL,2025-06-15,339.94,Research Payment,MedCore Ltd
PHY00179,Cardiology,NY,2025-05-04,157.28,Meal,MedCore Ltd
PHY00242,General Practice,IL,2025-02-26,1695.23,Speaker Fee,Acme Pharma
PHY00292,Endocrinology,CA,2024-11-22,587.03,Speaker Fee,NovaHealth Inc
PHY00495,Pulmonology,OH,2024-01-12,17.63,Research Payment,BioGen Solutions
PHY00196,Oncology,CA,2024-09-18,44.4,Speaker Fee,Acme Pharma
PHY00103,Oncology,IL,2025-09-23,633.08,Meal,NovaHealth Inc
PHY00112,General Practice,IL,2025-07-20,441.18,Consulting Fee,BioGen Solutions
PHY00037,Neurology,FL,2024-06-26,210.42,Research Payment,Acme Pharma
PHY00105,Oncology,NC,2025-10-20,19.32,Research Payment,NovaHealth Inc
PHY00351,Neurology,PA,2025-01-08,846.56,Research Payment,NovaHealth Inc
PHY00058,Cardiology,IL,2025-12-11,30.98,Consulting Fee,MedCore Ltd
PHY00211,General Practice,IL,2024-02-08,29.6,Travel & Lodging,MedCore Ltd
PHY00442,Psychiatry,NY,2025-06-25,534.26,Speaker Fee,BioGen Solutions
PHY00167,Psychiatry,IL,2024-12-16,266.73,Meal,NovaHealth Inc
PHY00063,Pulmonology,OH,2025-05-23,1908.11,Meal,BioGen Solutions
PHY00152,Endocrinology,TX,2025-02-27,755.03,Consulting Fee,Acme Pharma
PHY00116,Neurology,IL,2025-12-04,226.64,Meal,BioGen Solutions
PHY00402,Neurology,TX,2024-08-28,69.56,Research Payment,MedCore Ltd
PHY00111,Psychiatry,MI,2025-12-13,693.5,Travel & Lodging,BioGen Solutions
PHY00162,Cardiology,NY,2024-10-09,1106.7,Research Payment,BioGen Solutions
PHY00086,Endocrinology,CA,2024-09-15,129.01,Royalty,Acme Pharma
PHY00355,Psychiatry,PA,2025-01-24,323.07,Royalty,Acme Pharma
PHY00416,Cardiology,CA,2024-03-26,329.78,Royalty,NovaHealth Inc
PHY00447,Endocrinology,PA,2025-02-18,702.31,Consulting Fee,MedCore Ltd
PHY00152,Endocrinology,TX,2024-04-04,123.63,Speaker Fee,BioGen Solutions
PHY00046,Neurology,NY,2025-10-11,219.85,Meal,MedCore Ltd
PHY00400,Cardiology,TX,2025-06-11,1689.78,Speaker Fee,MedCore Ltd
PHY00490,Pulmonology,IL,2025-04-08,513.72,Consulting Fee,NovaHealth Inc
PHY00381,Psychiatry,PA,2025-05-23,370.86,Meal,Acme Pharma
PHY00294,Oncology,IL,2025-04-20,12.37,Royalty,MedCore Ltd
PHY00184,Endocrinology,CA,2024-07-09,141.19,Travel & Lodging,NovaHealth Inc
PHY00216,Pulmonology,FL,2024-03-14,175.55,Meal,Acme Pharma
PHY00252,Cardiology,NC,2024-04-23,99.5,Travel & Lodging,Acme Pharma
PHY00330,Psychiatry,TX,2024-12-04,100.43,Speaker Fee,Acme Pharma
PHY00452,Rheumatology,NC,2025-05-15,289.48,Speaker Fee,Acme Pharma
PHY00223,Rheumatology,MI,2025-08-15,618.12,Research Payment,MedCore Ltd
PHY00251,Rheumatology,OH,2024-11-09,145.43,Consulting Fee,NovaHealth Inc
PHY00301,Cardiology,GA,2025-01-14,781.91,Meal,Acme Pharma
PHY00307,Neurology,FL,2025-10-04,25.46,Research Payment,NovaHealth Inc
PHY00433,Pulmonology,GA,2024-07-23,149.34,Consulting Fee,MedCore Ltd
PHY00178,Endocrinology,GA,2024-01-14,126.8,Royalty,BioGen Solutions
PHY00187,Oncology,OH,2024-12-02,26.18,Research Payment,NovaHealth Inc
PHY00418,Oncology,CA,2024-12-16,894.61,Consulting Fee,NovaHealth Inc
PHY00084,Psychiatry,NC,2025-06-16,229.68,Speaker Fee,MedCore Ltd
PHY00025,Neurology,OH,2025-01-27,536.02,Royalty,MedCore Ltd
PHY00410,Rheumatology,NY,2025-07-02,1425.39,Speaker Fee,MedCore Ltd
PHY00137,Cardiology,FL,2024-01-29,386.86,Travel & Lodging,MedCore Ltd
PHY00471,Pulmonology,GA,2025-05-05,260.27,Travel & Lodging,Acme Pharma
PHY00455,Pulmonology,CA,2025-10-23,429.19,Speaker Fee,BioGen Solutions
PHY00087,Rheumatology,MI,2025-02-02,66.21,Meal,NovaHealth Inc
PHY00312,General Practice,IL,2025-02-10,38.31,Consulting Fee,NovaHealth Inc
PHY00290,Psychiatry,TX,2025-10-18,4298.99,Travel & Lodging,Acme Pharma
PHY00205,Neurology,NC,2024-04-06,1383.45,Consulting Fee,BioGen Solutions
PHY00450,Rheumatology,CA,2024-04-26,89.74,Speaker Fee,NovaHealth Inc
PHY00189,General Practice,CA,2025-04-20,65.69,Travel & Lodging,MedCore Ltd
PHY00458,Psychiatry,MI,2024-06-28,24.27,Research Payment,BioGen Solutions
PHY00287,Cardiology,NY,2025-04-19,1469.17,Speaker Fee,Acme Pharma
PHY00262,Rheumatology,OH,2025-06-06,79.86,Research Payment,Acme Pharma
PHY00469,Pulmonology,NY,2024-01-21,549.04,Travel & Lodging,MedCore Ltd
PHY00333,Neurology,GA,2025-04-10,223.95,Meal,BioGen Solutions
PHY00305,Oncology,GA,2024-09-13,613.83,Consulting Fee,Acme Pharma
PHY00086,Endocrinology,CA,2024-01-15,271.65,Research Payment,MedCore Ltd
PHY00388,General Practice,CA,2025-03-30,73.01,Consulting Fee,Acme Pharma
PHY00336,Psychiatry,CA,2025-10-19,116.86,Speaker Fee,Acme Pharma
PHY00452,Rheumatology,NC,2024-12-30,181.68,Royalty,BioGen Solutions
PHY00237,Rheumatology,MI,2024-06-19,147.19,Travel & Lodging,Acme Pharma
PHY00274,Psychiatry,NC,2024-06-03,37.69,Meal,Acme Pharma
PHY00363,Cardiology,MI,2024-11-20,177.65,Meal,MedCore Ltd
PHY00373,Oncology,GA,2025-02-13,360.56,Royalty,MedCore Ltd
PHY00023,Oncology,NC,2024-11-13,860.08,Research Payment,MedCore Ltd
PHY00108,Neurology,FL,2024-06-24,821.31,Royalty,MedCore Ltd
PHY00329,Psychiatry,GA,2025-10-18,1029.99,Travel & Lodging,BioGen Solutions
PHY00353,Cardiology,IL,2025-06-06,699.92,Speaker Fee,NovaHealth Inc
PHY00474,Neurology,OH,2024-07-14,103.67,Royalty,MedCore Ltd
PHY00093,Oncology,GA,2024-09-16,771.94,Royalty,BioGen Solutions
PHY00029,Psychiatry,NY,2024-10-11,805.29,Royalty,BioGen Solutions
PHY00279,Cardiology,PA,2024-10-28,870.17,Meal,MedCore Ltd
PHY00180,Endocrinology,CA,2024-09-20,126.99,Consulting Fee,Acme Pharma
PHY00159,Cardiology,MI,2024-04-09,516.24,Research Payment,MedCore Ltd
PHY00308,Oncology,MI,2025-11-08,658.46,Research Payment,Acme Pharma
PHY00165,Oncology,FL,2024-03-30,301.69,Royalty,BioGen Solutions
PHY00022,Pulmonology,CA,2025-11-09,498.15,Royalty,NovaHealth Inc
PHY00402,Neurology,TX,2025-11-09,116.09,Royalty,NovaHealth Inc
PHY00327,Endocrinology,TX,2025-06-02,839.82,Research Payment,Acme Pharma
PHY00488,Neurology,NC,2024-03-14,395.82,Consulting Fee,NovaHealth Inc
PHY00335,Rheumatology,PA,2025-09-24,508.31,Research Payment,NovaHealth Inc
PHY00180,Endocrinology,CA,2025-04-07,164.31,Speaker Fee,Acme Pharma
PHY00024,Psychiatry,PA,2024-06-16,1307.62,Royalty,MedCore Ltd
PHY00089,Neurology,CA,2025-12-01,353.59,Consulting Fee,Acme Pharma
PHY00450,Rheumatology,CA,2025-06-27,258.46,Royalty,NovaHealth Inc
PHY00148,Endocrinology,GA,2025-10-17,199.58,Travel & Lodging,Acme Pharma
PHY00357,Oncology,IL,2025-07-23,940.64,Meal,BioGen Solutions
PHY00385,Pulmonology,PA,2025-02-02,409.35,Consulting Fee,NovaHealth Inc
PHY00209,Rheumatology,MI,2024-07-04,70.78,Consulting Fee,BioGen Solutions
PHY00161,General Practice,TX,2024-10-15,222.87,Meal,MedCore Ltd
PHY00321,Psychiatry,NY,2025-05-16,986.62,Travel & Lodging,MedCore Ltd
PHY00153,Cardiology,NY,2025-10-10,1846.28,Consulting Fee,Acme Pharma
PHY00188,General Practice,IL,2025-10-14,102.74,Travel & Lodging,NovaHealth Inc
PHY00229,Cardiology,TX,2025-09-28,379.91,Meal,NovaHealth Inc
PHY00295,Oncology,PA,2025-03-10,168.24,Royalty,MedCore Ltd
PHY00477,Cardiology,MI,2025-10-22,189.35,Travel & Lodging,MedCore Ltd
PHY00229,Cardiology,TX,2024-10-30,76.94,Travel & Lodging,BioGen Solutions
PHY00229,Cardiology,TX,2024-02-17,351.55,Meal,BioGen Solutions
PHY00290,Psychiatry,TX,2024-09-10,129.08,Consulting Fee,NovaHealth Inc
PHY00388,General Practice,CA,2024-08-09,527.36,Royalty,Acme Pharma
PHY00426,Pulmonology,NY,2025-05-25,36.43,Travel & Lodging,Acme Pharma
PHY00209,Rheumatology,MI,2025-11-02,190.8,Research Payment,NovaHealth Inc
PHY00475,Endocrinology,GA,2024-11-20,153.35,Speaker Fee,NovaHealth Inc
PHY00282,Neurology,PA,2024-10-14,1245.09,Travel & Lodging,Acme Pharma
PHY00125,Pulmonology,MI,2025-05-15,106.54,Consulting Fee,MedCore Ltd
PHY00187,Oncology,OH,2024-07-23,1222.41,Royalty,MedCore Ltd
PHY00104,Neurology,PA,2025-09-20,430.61,Travel & Lodging,MedCore Ltd
PHY00110,General Practice,MI,2025-11-05,85.1,Research Payment,NovaHealth Inc
PHY00003,Pulmonology,CA,2024-03-08,115.66,Research Payment,MedCore Ltd
PHY00287,Cardiology,NY,2024-03-06,179.37,Meal,BioGen Solutions
PHY00325,Rheumatology,IL,2025-10-28,75.68,Research Payment,MedCore Ltd
PHY00428,Neurology,OH,2024-12-16,117.34,Meal,MedCore Ltd
PHY00216,Pulmonology,FL,2024-06-25,36.79,Speaker Fee,NovaHealth Inc
PHY00095,Rheumatology,CA,2025-03-22,160.89,Consulting Fee,MedCore Ltd
PHY00179,Cardiology,NY,2025-01-29,23.38,Consulting Fee,Acme Pharma
PHY00084,Psychiatry,NC,2025-10-30,47.46,Research Payment,Acme Pharma
PHY00476,Psychiatry,TX,2024-09-09,24.82,Research Payment,MedCore Ltd
PHY00471,Pulmonology,GA,2025-03-29,1329.81,Travel & Lodging,Acme Pharma
PHY00457,Rheumatology,NC,2024-01-07,717.96,Speaker Fee,Acme Pharma
PHY00118,Rheumatology,MI,2024-08-27,440.97,Royalty,MedCore Ltd
PHY00320,Rheumatology,FL,2024-08-18,98.45,Meal,NovaHealth Inc
PHY00340,Neurology,MI,2025-12-05,271.7,Speaker Fee,BioGen Solutions
PHY00168,General Practice,TX,2025-01-11,1407.03,Research Payment,BioGen Solutions
PHY00001,General Practice,IL,2025-02-09,285.74,Royalty,BioGen Solutions
PHY00154,Endocrinology,OH,2024-02-17,465.99,Travel & Lodging,Acme Pharma
PHY00130,Neurology,GA,2025-02-01,54.63,Royalty,MedCore Ltd
PHY00447,Endocrinology,PA,2024-01-16,107.58,Meal,NovaHealth Inc
PHY00480,Neurology,OH,2025-04-03,218.52,Royalty,BioGen Solutions
PHY00114,Rheumatology,FL,2024-06-07,225.29,Meal,BioGen Solutions
PHY00030,Neurology,TX,2024-04-05,204.46,Speaker Fee,BioGen Solutions
PHY00290,Psychiatry,TX,2025-06-27,814.62,Travel & Lodging,NovaHealth Inc
PHY00387,Endocrinology,NC,2025-07-08,148.88,Meal,Acme Pharma
PHY00496,General Practice,PA,2024-09-05,155.95,Speaker Fee,BioGen Solutions
PHY00359,Cardiology,IL,2025-12-02,179.77,Speaker Fee,MedCore Ltd
PHY00457,Rheumatology,NC,2025-03-19,71.38,Royalty,NovaHealth Inc
PHY00026,Rheumatology,MI,2025-03-28,199.12,Travel & Lodging,NovaHealth Inc
PHY00483,Pulmonology,TX,2025-08-07,78.97,Royalty,BioGen Solutions
PHY00481,Neurology,NY,2025-09-18,1804.97,Travel & Lodging,Acme Pharma
PHY00227,Pulmonology,NY,2025-10-24,191.26,Speaker Fee,MedCore Ltd
PHY00329,Psychiatry,GA,2024-02-09,329.52,Royalty,NovaHealth Inc
PHY00209,Rheumatology,MI,2024-09-29,192.32,Travel & Lodging,Acme Pharma
PHY00149,Cardiology,MI,2024-04-26,150.56,Speaker Fee,Acme Pharma
PHY00302,Cardiology,PA,2024-02-14,80.9,Research Payment,NovaHealth Inc
PHY00375,Cardiology,GA,2025-06-30,91.54,Speaker Fee,Acme Pharma
PHY00403,Endocrinology,FL,2024-07-15,302.09,Meal,NovaHealth Inc
PHY00223,Rheumatology,MI,2025-06-13,203.91,Meal,NovaHealth Inc
PHY00257,General Practice,PA,2025-10-15,113.07,Meal,NovaHealth Inc
PHY00292,Endocrinology,CA,2025-07-27,778.69,Consulting Fee,BioGen Solutions
PHY00341,Endocrinology,NC,2024-09-13,302.6,Royalty,Acme Pharma
PHY00178,Endocrinology,GA,2024-11-25,381.28,Travel & Lodging,NovaHealth Inc
PHY00398,Rheumatology,TX,2024-05-02,156.77,Research Payment,NovaHealth Inc
PHY00225,Oncology,MI,2025-09-06,566.5,Speaker Fee,BioGen Solutions
PHY00500,Neurology,FL,2024-12-28,3775.59,Meal,Acme Pharma
PHY00010,Oncology,NY,2025-07-31,101.44,Consulting Fee,BioGen Solutions
PHY00038,Cardiology,CA,2024-05-02,485.64,Consulting Fee,NovaHealth Inc
PHY00067,Neurology,NY,2025-10-06,1298.25,Speaker Fee,NovaHealth Inc
PHY00140,Cardiology,NY,2025-08-16,107.29,Travel & Lodging,Acme Pharma
PHY00345,Endocrinology,TX,2024-11-15,532.76,Consulting Fee,MedCore Ltd
PHY00017,Neurology,MI,2024-06-08,104.9,Royalty,BioGen Solutions
PHY00008,Pulmonology,PA,2025-12-19,2001.09,Speaker Fee,BioGen Solutions
PHY00047,Psychiatry,NC,2024-12-07,156.49,Consulting Fee,BioGen Solutions
PHY00131,Neurology,IL,2024-09-26,69.71,Meal,NovaHealth Inc
PHY00061,Endocrinology,IL,2024-06-12,818.75,Research Payment,MedCore Ltd
PHY00473,Endocrinology,MI,2025-03-09,358.4,Royalty,BioGen Solutions
PHY00056,Neurology,PA,2024-11-14,1099.73,Travel & Lodging,NovaHealth Inc
PHY00383,Neurology,TX,2025-07-20,956.95,Consulting Fee,MedCore Ltd
PHY00383,Neurology,TX,2025-01-22,264.4,Research Payment,NovaHealth Inc
PHY00293,Cardiology,CA,2024-02-18,1040.64,Travel & Lodging,BioGen Solutions
PHY00129,Neurology,CA,2024-01-29,913.01,Consulting Fee,BioGen Solutions
PHY00133,Cardiology,GA,2024-11-22,433.18,Consulting Fee,NovaHealth Inc
PHY00134,Pulmonology,OH,2025-11-19,224.73,Research Payment,NovaHealth Inc
PHY00235,Neurology,OH,2025-10-09,1036.22,Consulting Fee,Acme Pharma
PHY00093,Oncology,GA,2024-01-05,27.36,Meal,Acme Pharma
PHY00031,Pulmonology,NC,2024-01-07,814.62,Royalty,NovaHealth Inc
PHY00003,Pulmonology,CA,2025-07-21,86.85,Speaker Fee,NovaHealth Inc
PHY00175,Psychiatry,MI,2025-05-27,2830.36,Royalty,Acme Pharma
PHY00038,Cardiology,CA,2025-12-02,209.92,Consulting Fee,NovaHealth Inc
PHY00184,Endocrinology,CA,2024-03-07,53.3,Consulting Fee,BioGen Solutions
PHY00368,Oncology,CA,2024-11-11,275.69,Royalty,Acme Pharma
PHY00396,Neurology,TX,2025-04-17,90.88,Travel & Lodging,MedCore Ltd
PHY00373,Oncology,GA,2025-03-13,1680.19,Research Payment,Acme Pharma
PHY00322,Pulmonology,PA,2024-10-18,1339.69,Speaker Fee,BioGen Solutions
PHY00484,Rheumatology,MI,2024-01-16,942.1,Research Payment,Acme Pharma
PHY00158,Oncology,MI,2024-08-11,551.36,Consulting Fee,MedCore Ltd
PHY00278,Rheumatology,IL,2025-11-24,1236.19,Meal,Acme Pharma
PHY00396,Neurology,TX,2024-07-27,4693.97,Research Payment,BioGen Solutions
PHY00074,Oncology,CA,2024-08-14,306.32,Meal,Acme Pharma
PHY00321,Psychiatry,NY,2024-01-10,176.84,Speaker Fee,BioGen Solutions
PHY00322,Pulmonology,PA,2025-03-31,56.79,Consulting Fee,Acme Pharma
PHY00095,Rheumatology,CA,2024-04-16,332.57,Royalty,MedCore Ltd
PHY00014,Endocrinology,PA,2025-11-03,414.89,Travel & Lodging,NovaHealth Inc
PHY00143,Neurology,NY,2025-02-22,1005.02,Meal,MedCore Ltd
PHY00374,Psychiatry,TX,2024-06-15,424.51,Royalty,Acme Pharma
PHY00158,Oncology,MI,2025-09-13,48.89,Travel & Lodging,Acme Pharma
PHY00491,Psychiatry,MI,2024-07-20,297.78,Speaker Fee,NovaHealth Inc
PHY00067,Neurology,NY,2024-08-05,236.03,Consulting Fee,BioGen Solutions
PHY00274,Psychiatry,NC,2025-10-20,63.47,Travel & Lodging,NovaHealth Inc
PHY00383,Neurology,TX,2025-03-03,65.23,Speaker Fee,BioGen Solutions
PHY00084,Psychiatry,NC,2024-07-10,619.92,Speaker Fee,BioGen Solutions
PHY00406,Neurology,CA,2025-06-25,1456.33,Royalty,Acme Pharma
PHY00400,Cardiology,TX,2024-03-19,237.08,Speaker Fee,Acme Pharma
PHY00407,Rheumatology,GA,2025-04-07,209.95,Speaker Fee,Acme Pharma
PHY00264,Cardiology,TX,2025-02-08,333.84,Meal,MedCore Ltd
PHY00094,Rheumatology,IL,2024-01-19,68.1,Speaker Fee,NovaHealth Inc
PHY00437,Psychiatry,NY,2024-12-08,726.63,Speaker Fee,BioGen Solutions
PHY00019,Psychiatry,MI,2024-01-31,454.91,Research Payment,Acme Pharma
PHY00024,Psychiatry,PA,2024-07-29,308.69,Travel & Lodging,MedCore Ltd
PHY00357,Oncology,IL,2024-06-17,125.31,Meal,Acme Pharma
PHY00242,General Practice,IL,2025-01-09,206.35,Consulting Fee,NovaHealth Inc
PHY00354,Psychiatry,IL,2025-12-11,315.41,Meal,NovaHealth Inc
PHY00467,Psychiatry,GA,2024-10-14,213.2,Speaker Fee,NovaHealth Inc
PHY00331,Cardiology,IL,2025-09-08,1421.92,Meal,MedCore Ltd
PHY00404,Cardiology,NC,2024-05-06,243.2,Speaker Fee,MedCore Ltd
PHY00353,Cardiology,IL,2024-04-14,91.19,Consulting Fee,Acme Pharma
PHY00319,General Practice,IL,2024-08-06,210.19,Research Payment,MedCore Ltd
PHY00369,Endocrinology,NY,2025-04-18,126.3,Royalty,MedCore Ltd
PHY00419,Psychiatry,FL,2025-12-10,749.71,Speaker Fee,NovaHealth Inc
PHY00121,Psychiatry,IL,2025-02-02,264.08,Royalty,NovaHealth Inc
PHY00216,Pulmonology,FL,2025-07-14,377.34,Consulting Fee,NovaHealth Inc
PHY00051,General Practice,MI,2025-03-02,603.15,Consulting Fee,Acme Pharma
PHY00074,Oncology,CA,2025-04-04,170.29,Meal,BioGen Solutions
PHY00360,Endocrinology,IL,2025-08-15,78.24,Research Payment,BioGen Solutions
PHY00270,Endocrinology,CA,2024-02-17,308.46,Consulting Fee,BioGen Solutions
PHY00242,General Practice,IL,2024-02-05,1829.4,Meal,BioGen Solutions
PHY00243,Neurology,IL,2025-07-07,177.32,Meal,NovaHealth Inc
PHY00497,Endocrinology,MI,2024-10-25,375.39,Speaker Fee,MedCore Ltd
PHY00097,Oncology,IL,2024-02-18,424.33,Research Payment,Acme Pharma
PHY00005,Endocrinology,TX,2024-01-24,2334.37,Research Payment,MedCore Ltd
PHY00315,Endocrinology,PA,2024-10-20,202.91,Consulting Fee,BioGen Solutions
PHY00126,Psychiatry,MI,2024-09-23,1106.0,Speaker Fee,Acme Pharma
PHY00148,Endocrinology,GA,2025-12-29,20.36,Speaker Fee,NovaHealth Inc
PHY00390,Cardiology,IL,2024-03-06,191.35,Meal,NovaHealth Inc
PHY00388,General Practice,CA,2024-07-27,67.91,Meal,Acme Pharma
PHY00367,Rheumatology,NC,2024-08-16,377.01,Speaker Fee,MedCore Ltd
PHY00450,Rheumatology,CA,2024-02-05,123.02,Meal,MedCore Ltd
PHY00382,Rheumatology,NY,2025-08-31,729.46,Royalty,NovaHealth Inc
PHY00238,Rheumatology,NC,2024-05-10,478.97,Travel & Lodging,NovaHealth Inc
PHY00455,Pulmonology,CA,2024-07-16,984.67,Speaker Fee,NovaHealth Inc
PHY00001,General Practice,IL,2025-12-23,969.37,Consulting Fee,NovaHealth Inc
PHY00187,Oncology,OH,2024-03-01,96.61,Research Payment,BioGen Solutions
PHY00274,Psychiatry,NC,2025-07-06,64.83,Consulting Fee,BioGen Solutions
PHY00143,Neurology,NY,2025-11-24,1213.67,Speaker Fee,BioGen Solutions
PHY00022,Pulmonology,CA,2025-02-05,90.58,Speaker Fee,BioGen Solutions
PHY00026,Rheumatology,MI,2025-03-16,557.12,Research Payment,Acme Pharma
PHY00130,Neurology,GA,2024-08-30,2410.34,Speaker Fee,NovaHealth Inc
PHY00056,Neurology,PA,2025-07-20,294.69,Meal,NovaHealth Inc
PHY00409,Neurology,MI,2024-12-05,951.6,Meal,BioGen Solutions
PHY00491,Psychiatry,MI,2025-05-01,417.88,Meal,MedCore Ltd
PHY00325,Rheumatology,IL,2024-09-14,281.1,Travel & Lodging,Acme Pharma
PHY00166,Cardiology,MI,2025-03-10,236.11,Speaker Fee,MedCore Ltd
PHY00371,Neurology,CA,2025-10-31,80.45,Travel & Lodging,NovaHealth Inc
PHY00407,Rheumatology,GA,2024-12-01,69.55,Speaker Fee,Acme Pharma
PHY00183,Rheumatology,TX,2025-11-25,121.88,Royalty,BioGen Solutions
PHY00251,Rheumatology,OH,2024-05-12,287.96,Meal,BioGen Solutions
PHY00493,Cardiology,NC,2025-11-14,58.03,Meal,Acme Pharma
PHY00041,Endocrinology,OH,2025-11-15,418.73,Speaker Fee,BioGen Solutions
PHY00208,Neurology,NY,2025-10-31,332.68,Research Payment,MedCore Ltd
PHY00173,Endocrinology,NC,2024-11-30,63.87,Meal,MedCore Ltd
PHY00173,Endocrinology,NC,2024-07-01,911.7,Meal,MedCore Ltd
PHY00262,Rheumatology,OH,2024-12-15,1578.79,Speaker Fee,Acme Pharma
PHY00269,General Practice,OH,2024-07-15,912.94,Meal,BioGen Solutions
PHY00328,General Practice,MI,2025-12-13,1283.01,Research Payment,BioGen Solutions
PHY00383,Neurology,TX,2025-12-01,925.09,Research Payment,BioGen Solutions
PHY00027,Rheumatology,OH,2024-03-23,2230.23,Speaker Fee,NovaHealth Inc
PHY00445,Neurology,TX,2024-03-27,536.61,Meal,NovaHealth Inc
PHY00308,Oncology,MI,2024-10-12,346.5,Speaker Fee,NovaHealth Inc
PHY00453,Rheumatology,MI,2025-01-03,71.13,Consulting Fee,BioGen Solutions
PHY00241,Oncology,TX,2025-06-03,321.28,Travel & Lodging,MedCore Ltd
PHY00095,Rheumatology,CA,2025-10-30,177.85,Travel & Lodging,MedCore Ltd
PHY00275,Cardiology,GA,2025-10-27,219.99,Research Payment,BioGen Solutions
PHY00421,Oncology,IL,2024-05-16,887.73,Royalty,BioGen Solutions
PHY00243,Neurology,IL,2024-04-05,156.45,Research Payment,MedCore Ltd
PHY00014,Endocrinology,PA,2025-09-23,2809.84,Research Payment,MedCore Ltd
PHY00179,Cardiology,NY,2024-06-18,400.87,Research Payment,BioGen Solutions
PHY00154,Endocrinology,OH,2024-03-22,1990.51,Meal,Acme Pharma
PHY00115,General Practice,CA,2024-01-03,20.66,Royalty,MedCore Ltd
PHY00356,General Practice,NY,2024-02-11,512.1,Consulting Fee,Acme Pharma
PHY00276,Neurology,CA,2024-05-21,15.11,Royalty,MedCore Ltd
PHY00027,Rheumatology,OH,2024-02-12,711.64,Consulting Fee,Acme Pharma
PHY00424,Endocrinology,IL,2024-09-02,840.19,Consulting Fee,MedCore Ltd
PHY00021,Rheumatology,GA,2025-02-11,1276.99,Speaker Fee,Acme Pharma
PHY00148,Endocrinology,GA,2024-07-02,611.17,Travel & Lodging,MedCore Ltd
PHY00490,Pulmonology,IL,2025-07-01,106.55,Consulting Fee,Acme Pharma
PHY00457,Rheumatology,NC,2024-08-17,53.06,Travel & Lodging,MedCore Ltd
PHY00490,Pulmonology,IL,2025-08-30,264.03,Meal,Acme Pharma
PHY00222,Endocrinology,MI,2024-08-10,102.1,Consulting Fee,Acme Pharma
PHY00216,Pulmonology,FL,2024-08-18,466.8,Speaker Fee,NovaHealth Inc
PHY00196,Oncology,CA,2025-08-30,1889.53,Research Payment,NovaHealth Inc
PHY00113,Psychiatry,OH,2024-03-17,59.91,Speaker Fee,Acme Pharma
PHY00448,Rheumatology,IL,2024-11-15,168.28,Speaker Fee,MedCore Ltd
PHY00492,Pulmonology,OH,2024-11-08,33.71,Speaker Fee,BioGen Solutions
PHY00451,Rheumatology,IL,2024-06-15,254.99,Research Payment,MedCore Ltd
PHY00491,Psychiatry,MI,2024-05-29,813.77,Consulting Fee,Acme Pharma
PHY00362,Cardiology,MI,2025-09-23,141.34,Consulting Fee,BioGen Solutions
PHY00181,Pulmonology,NY,2025-11-04,301.43,Research Payment,MedCore Ltd
PHY00254,Pulmonology,FL,2025-10-03,88.15,Meal,BioGen Solutions
PHY00198,Neurology,NC,2024-04-19,144.48,Research Payment,NovaHealth Inc
PHY00239,Endocrinology,TX,2025-04-09,165.23,Meal,NovaHealth Inc
PHY00032,Cardiology,GA,2024-05-02,458.91,Meal,MedCore Ltd
PHY00115,General Practice,CA,2024-09-05,79.4,Consulting Fee,NovaHealth Inc
PHY00228,Rheumatology,OH,2025-08-07,119.44,Speaker Fee,MedCore Ltd
PHY00371,Neurology,CA,2025-06-11,148.95,Travel & Lodging,NovaHealth Inc
PHY00136,Pulmonology,CA,2024-03-14,500.09,Travel & Lodging,NovaHealth Inc
PHY00003,Pulmonology,CA,2025-07-24,117.98,Meal,NovaHealth Inc
PHY00064,Cardiology,FL,2025-08-04,881.48,Research Payment,NovaHealth Inc
PHY00246,Rheumatology,GA,2024-03-21,45.85,Travel & Lodging,BioGen Solutions
PHY00285,Oncology,FL,2025-01-03,88.4,Meal,Acme Pharma
PHY00445,Neurology,TX,2025-07-06,260.15,Research Payment,MedCore Ltd
PHY00492,Pulmonology,OH,2024-08-27,247.06,Research Payment,BioGen Solutions
PHY00090,Oncology,TX,2025-11-20,132.64,Consulting Fee,MedCore Ltd
PHY00202,Psychiatry,FL,2024-11-17,132.61,Speaker Fee,Acme Pharma
PHY00275,Cardiology,GA,2024-11-17,49.93,Meal,BioGen Solutions
PHY00450,Rheumatology,CA,2025-06-10,599.17,Travel & Lodging,BioGen Solutions
PHY00344,Oncology,CA,2024-09-19,295.18,Royalty,NovaHealth Inc
PHY00381,Psychiatry,PA,2024-10-15,161.66,Royalty,BioGen Solutions
PHY00454,Rheumatology,TX,2024-11-30,189.61,Consulting Fee,BioGen Solutions
PHY00353,Cardiology,IL,2025-11-22,525.12,Meal,Acme Pharma
PHY00437,Psychiatry,NY,2024-11-03,676.25,Royalty,NovaHealth Inc
PHY00285,Oncology,FL,2025-01-26,16.22,Meal,BioGen Solutions
PHY00165,Oncology,FL,2025-08-03,323.39,Research Payment,MedCore Ltd
PHY00124,General Practice,FL,2024-12-09,85.58,Travel & Lodging,BioGen Solutions
PHY00273,Psychiatry,CA,2024-07-05,135.37,Travel & Lodging,Acme Pharma
PHY00022,Pulmonology,CA,2024-06-14,66.38,Speaker Fee,NovaHealth Inc
PHY00234,Neurology,PA,2025-10-31,125.35,Research Payment,MedCore Ltd
PHY00218,Pulmonology,OH,2024-09-02,341.64,Consulting Fee,BioGen Solutions
PHY00447,Endocrinology,PA,2024-09-26,34.78,Travel & Lodging,BioGen Solutions
PHY00306,Pulmonology,MI,2025-09-27,409.8,Royalty,Acme Pharma
PHY00118,Rheumatology,MI,2025-03-28,250.34,Consulting Fee,Acme Pharma
PHY00435,Neurology,GA,2025-10-02,97.38,Meal,BioGen Solutions
PHY00314,General Practice,FL,2024-04-06,42.58,Consulting Fee,Acme Pharma
PHY00462,Pulmonology,GA,2025-09-04,118.7,Travel & Lodging,MedCore Ltd
PHY00029,Psychiatry,NY,2024-04-11,429.04,Travel & Lodging,NovaHealth Inc
PHY00283,Rheumatology,IL,2025-09-05,521.7,Meal,Acme Pharma
PHY00189,General Practice,CA,2024-10-19,1339.49,Travel & Lodging,MedCore Ltd
PHY00375,Cardiology,GA,2024-09-17,235.77,Royalty,BioGen Solutions
PHY00394,Psychiatry,OH,2024-08-11,282.77,Consulting Fee,NovaHealth Inc
PHY00212,General Practice,NY,2025-07-06,387.14,Meal,BioGen Solutions
PHY00442,Psychiatry,NY,2024-05-30,141.25,Meal,Acme Pharma
PHY00467,Psychiatry,GA,2025-09-21,61.63,Meal,BioGen Solutions
PHY00156,Oncology,MI,2024-07-24,2374.5,Speaker Fee,BioGen Solutions
PHY00179,Cardiology,NY,2025-05-23,561.69,Travel & Lodging,Acme Pharma
PHY00196,Oncology,CA,2024-06-27,142.85,Consulting Fee,Acme Pharma
PHY00385,Pulmonology,PA,2024-06-07,254.94,Consulting Fee,BioGen Solutions
PHY00495,Pulmonology,OH,2025-06-02,87.75,Meal,Acme Pharma
PHY00259,Psychiatry,MI,2024-04-16,65.59,Travel & Lodging,NovaHealth Inc
PHY00347,Endocrinology,NY,2025-05-17,115.91,Speaker Fee,NovaHealth Inc
PHY00061,Endocrinology,IL,2024-04-29,1522.82,Research Payment,BioGen Solutions
PHY00031,Pulmonology,NC,2024-09-03,110.44,Travel & Lodging,NovaHealth Inc
PHY00027,Rheumatology,OH,2024-03-13,54.35,Meal,MedCore Ltd
PHY00299,Pulmonology,NC,2024-10-13,317.37,Research Payment,Acme Pharma
PHY00212,General Practice,NY,2024-03-16,41.61,Meal,MedCore Ltd
PHY00098,Neurology,PA,2024-12-31,749.07,Consulting Fee,BioGen Solutions
PHY00028,Oncology,MI,2025-12-13,52.85,Royalty,BioGen Solutions
PHY00081,General Practice,MI,2024-04-16,66.7,Consulting Fee,NovaHealth Inc
PHY00498,Neurology,NC,2024-11-06,214.29,Travel & Lodging,NovaHealth Inc
PHY00244,Cardiology,PA,2025-11-20,2203.57,Consulting Fee,MedCore Ltd
PHY00003,Pulmonology,CA,2024-07-25,56.62,Royalty,BioGen Solutions
PHY00202,Psychiatry,FL,2024-04-29,54.05,Consulting Fee,MedCore Ltd
PHY00295,Oncology,PA,2025-01-23,285.47,Speaker Fee,MedCore Ltd
PHY00200,Endocrinology,NY,2024-06-28,302.38,Consulting Fee,MedCore Ltd
PHY00076,Oncology,NY,2025-10-10,244.51,Meal,BioGen Solutions
PHY00147,Endocrinology,CA,2025-09-10,1028.6,Royalty,NovaHealth Inc
PHY00399,Psychiatry,TX,2024-08-08,168.48,Royalty,Acme Pharma
PHY00450,Rheumatology,CA,2024-03-02,396.64,Meal,MedCore Ltd
PHY00046,Neurology,NY,2025-10-20,560.82,Royalty,MedCore Ltd
PHY00119,Psychiatry,MI,2025-10-29,26.23,Speaker Fee,BioGen Solutions
PHY00320,Rheumatology,FL,2024-12-07,1253.32,Meal,NovaHealth Inc
PHY00456,Endocrinology,MI,2025-01-15,40.9,Royalty,MedCore Ltd
PHY00185,Cardiology,OH,2025-07-12,519.63,Meal,BioGen Solutions
PHY00236,Neurology,GA,2024-02-20,838.39,Research Payment,NovaHealth Inc
PHY00124,General Practice,FL,2025-08-11,400.53,Royalty,NovaHealth Inc
PHY00480,Neurology,OH,2025-06-16,55.61,Meal,MedCore Ltd
PHY00241,Oncology,TX,2024-09-07,451.5,Royalty,Acme Pharma
PHY00335,Rheumatology,PA,2025-09-15,1780.7,Research Payment,MedCore Ltd
PHY00016,Pulmonology,TX,2025-08-30,444.38,Speaker Fee,BioGen Solutions
PHY00343,Endocrinology,CA,2025-08-28,67.23,Travel & Lodging,NovaHealth Inc
PHY00487,Endocrinology,NY,2025-09-14,1306.87,Royalty,Acme Pharma
PHY00277,Cardiology,PA,2024-09-16,673.15,Travel & Lodging,Acme Pharma
PHY00286,Endocrinology,NY,2025-12-23,82.36,Royalty,Acme Pharma
PHY00271,Rheumatology,NY,2025-02-10,252.33,Meal,NovaHealth Inc
PHY00441,Cardiology,NY,2024-11-08,145.06,Speaker Fee,NovaHealth Inc
PHY00347,Endocrinology,NY,2024-09-02,235.23,Royalty,NovaHealth Inc
PHY00099,Rheumatology,OH,2024-02-02,497.36,Speaker Fee,MedCore Ltd
PHY00164,Neurology,OH,2025-08-11,202.82,Speaker Fee,MedCore Ltd
PHY00137,Cardiology,FL,2024-12-24,1130.29,Meal,NovaHealth Inc
PHY00376,Neurology,OH,2024-09-06,451.37,Royalty,NovaHealth Inc
PHY00278,Rheumatology,IL,2024-04-21,409.09,Consulting Fee,BioGen Solutions
PHY00032,Cardiology,GA,2024-06-29,988.44,Travel & Lodging,MedCore Ltd
PHY00286,Endocrinology,NY,2024-09-25,228.95,Royalty,BioGen Solutions
PHY00231,Rheumatology,MI,2024-03-26,205.88,Meal,MedCore Ltd
PHY00293,Cardiology,CA,2024-01-31,468.0,Royalty,BioGen Solutions
PHY00044,Psychiatry,OH,2024-03-22,2498.72,Speaker Fee,NovaHealth Inc
PHY00343,Endocrinology,CA,2025-07-20,73.83,Royalty,BioGen Solutions
PHY00497,Endocrinology,MI,2024-05-16,46.05,Consulting Fee,BioGen Solutions
PHY00112,General Practice,IL,2025-04-29,2869.49,Consulting Fee,MedCore Ltd
PHY00087,Rheumatology,MI,2024-09-21,87.98,Royalty,MedCore Ltd
PHY00232,Neurology,MI,2025-08-10,67.51,Speaker Fee,NovaHealth Inc
PHY00170,Rheumatology,FL,2024-05-07,435.74,Royalty,Acme Pharma
PHY00026,Rheumatology,MI,2025-07-26,128.84,Meal,MedCore Ltd
PHY00367,Rheumatology,NC,2024-02-29,273.42,Travel & Lodging,MedCore Ltd
PHY00277,Cardiology,PA,2024-07-09,433.41,Consulting Fee,NovaHealth Inc
PHY00405,Psychiatry,PA,2025-10-19,94.3,Royalty,BioGen Solutions
PHY00415,Endocrinology,GA,2024-01-28,29.78,Consulting Fee,Acme Pharma
PHY00344,Oncology,CA,2025-03-19,260.06,Speaker Fee,MedCore Ltd
PHY00287,Cardiology,NY,2024-10-29,454.59,Royalty,MedCore Ltd
PHY00308,Oncology,MI,2025-10-08,878.76,Meal,NovaHealth Inc
PHY00147,Endocrinology,CA,2024-12-11,2379.41,Research Payment,BioGen Solutions
PHY00398,Rheumatology,TX,2024-05-10,204.3,Speaker Fee,Acme Pharma
PHY00380,Cardiology,PA,2025-02-10,129.9,Research Payment,BioGen Solutions
PHY00444,Psychiatry,IL,2024-12-20,63.26,Research Payment,Acme Pharma
PHY00312,General Practice,IL,2024-01-02,142.47,Meal,NovaHealth Inc
PHY00194,General Practice,NC,2025-08-18,22.15,Royalty,Acme Pharma
PHY00207,Psychiatry,FL,2024-02-18,710.07,Royalty,BioGen Solutions
PHY00307,Neurology,FL,2024-07-17,1310.52,Research Payment,Acme Pharma
PHY00369,Endocrinology,NY,2025-06-09,83.93,Consulting Fee,MedCore Ltd
PHY00138,Cardiology,GA,2024-09-25,261.67,Meal,Acme Pharma
PHY00142,Cardiology,CA,2025-09-03,1177.73,Speaker Fee,BioGen Solutions
PHY00066,Oncology,FL,2024-11-24,912.3,Consulting Fee,NovaHealth Inc
PHY00231,Rheumatology,MI,2024-11-03,328.44,Meal,BioGen Solutions
PHY00021,Rheumatology,GA,2024-09-10,55.09,Speaker Fee,MedCore Ltd
PHY00478,Psychiatry,GA,2024-06-10,2041.23,Royalty,MedCore Ltd
PHY00454,Rheumatology,TX,2025-01-18,72.65,Travel & Lodging,Acme Pharma
PHY00328,General Practice,MI,2024-04-12,19.81,Royalty,BioGen Solutions
PHY00079,General Practice,MI,2025-04-26,158.57,Speaker Fee,Acme Pharma
PHY00087,Rheumatology,MI,2025-08-22,199.1,Meal,BioGen Solutions
PHY00324,Oncology,NY,2025-03-16,205.21,Royalty,MedCore Ltd
PHY00360,Endocrinology,IL,2024-01-07,316.36,Research Payment,BioGen Solutions
PHY00410,Rheumatology,NY,2025-11-28,44.3,Speaker Fee,MedCore Ltd
PHY00106,Oncology,IL,2024-01-13,2476.57,Research Payment,BioGen Solutions
PHY00152,Endocrinology,TX,2024-02-26,596.7,Royalty,Acme Pharma
PHY00440,Endocrinology,MI,2024-05-12,705.78,Research Payment,MedCore Ltd
PHY00206,Pulmonology,OH,2025-07-03,3017.0,Royalty,NovaHealth Inc
PHY00073,Cardiology,NY,2024-06-02,190.84,Royalty,NovaHealth Inc
PHY00177,Endocrinology,NC,2024-08-07,469.12,Royalty,NovaHealth Inc
PHY00431,Cardiology,GA,2024-07-21,115.12,Meal,Acme Pharma
PHY00326,Rheumatology,NC,2024-03-05,192.43,Consulting Fee,MedCore Ltd
PHY00244,Cardiology,PA,2025-06-10,18.29,Research Payment,Acme Pharma
PHY00439,General Practice,TX,2025-01-15,280.53,Consulting Fee,MedCore Ltd
PHY00166,Cardiology,MI,2025-12-03,250.18,Travel & Lodging,MedCore Ltd
PHY00374,Psychiatry,TX,2025-10-31,1182.31,Travel & Lodging,BioGen Solutions
PHY00014,Endocrinology,PA,2024-12-05,77.84,Consulting Fee,MedCore Ltd
PHY00268,Psychiatry,NC,2024-05-17,449.57,Royalty,NovaHealth Inc
PHY00162,Cardiology,NY,2025-11-22,625.59,Research Payment,MedCore Ltd
PHY00010,Oncology,NY,2024-05-17,855.02,Speaker Fee,NovaHealth Inc
PHY00201,General Practice,CA,2024-06-04,40.84,Travel & Lodging,NovaHealth Inc
PHY00396,Neurology,TX,2025-10-24,99.4,Meal,NovaHealth Inc
PHY00309,Psychiatry,GA,2025-06-25,867.72,Travel & Lodging,BioGen Solutions
PHY00438,Psychiatry,NY,2025-09-28,759.64,Consulting Fee,NovaHealth Inc
PHY00347,Endocrinology,NY,2025-01-25,146.07,Travel & Lodging,BioGen Solutions
PHY00082,Neurology,IL,2024-03-16,1831.98,Meal,BioGen Solutions
PHY00230,Pulmonology,NC,2025-04-23,495.16,Travel & Lodging,BioGen Solutions
PHY00200,Endocrinology,NY,2024-08-13,99.91,Consulting Fee,MedCore Ltd
PHY00031,Pulmonology,NC,2025-09-05,197.78,Consulting Fee,BioGen Solutions
PHY00088,Cardiology,MI,2024-03-03,308.63,Speaker Fee,BioGen Solutions
PHY00279,Cardiology,PA,2025-04-03,2394.14,Research Payment,NovaHealth Inc
PHY00285,Oncology,FL,2025-09-24,392.27,Speaker Fee,MedCore Ltd
PHY00389,Cardiology,OH,2025-10-21,484.51,Research Payment,MedCore Ltd
PHY00079,General Practice,MI,2025-12-05,266.67,Royalty,NovaHealth Inc
PHY00242,General Practice,IL,2024-02-20,284.99,Speaker Fee,NovaHealth Inc
PHY00314,General Practice,FL,2025-05-03,74.18,Research Payment,MedCore Ltd
PHY00369,Endocrinology,NY,2024-11-06,87.2,Research Payment,NovaHealth Inc
PHY00313,Neurology,NC,2024-06-01,1163.87,Royalty,NovaHealth Inc
PHY00113,Psychiatry,OH,2025-12-01,96.33,Meal,MedCore Ltd
PHY00222,Endocrinology,MI,2024-08-08,86.39,Travel & Lodging,NovaHealth Inc
PHY00484,Rheumatology,MI,2024-07-31,152.93,Research Payment,MedCore Ltd
PHY00065,General Practice,PA,2024-11-13,25.56,Speaker Fee,MedCore Ltd
PHY00243,Neurology,IL,2024-05-16,817.45,Consulting Fee,NovaHealth Inc
PHY00297,Rheumatology,NY,2024-03-29,229.66,Speaker Fee,Acme Pharma
PHY00442,Psychiatry,NY,2024-08-15,615.55,Travel & Lodging,Acme Pharma
PHY00099,Rheumatology,OH,2024-11-01,26.93,Royalty,MedCore Ltd
PHY00079,General Practice,MI,2024-10-27,276.96,Consulting Fee,Acme Pharma
PHY00493,Cardiology,NC,2025-04-21,23.01,Speaker Fee,Acme Pharma
PHY00312,General Practice,IL,2024-04-21,83.56,Research Payment,NovaHealth Inc
PHY00459,Endocrinology,NC,2024-08-17,36.48,Consulting Fee,Acme Pharma
PHY00008,Pulmonology,PA,2024-06-20,27.58,Travel & Lodging,NovaHealth Inc
PHY00352,Cardiology,CA,2024-02-18,2303.61,Meal,NovaHealth Inc
PHY00462,Pulmonology,GA,2024-06-06,585.36,Research Payment,MedCore Ltd
PHY00337,Pulmonology,TX,2025-11-01,220.0,Consulting Fee,NovaHealth Inc
PHY00404,Cardiology,NC,2025-10-08,405.58,Speaker Fee,BioGen Solutions
PHY00474,Neurology,OH,2025-03-04,1223.8,Meal,NovaHealth Inc
PHY00002,Neurology,OH,2024-07-30,821.81,Research Payment,MedCore Ltd
PHY00230,Pulmonology,NC,2025-05-20,39.75,Research Payment,BioGen Solutions
PHY00221,Endocrinology,IL,2025-03-17,95.87,Consulting Fee,Acme Pharma
PHY00279,Cardiology,PA,2025-12-06,3476.16,Royalty,Acme Pharma
PHY00411,Endocrinology,CA,2025-02-24,383.66,Speaker Fee,NovaHealth Inc
PHY00358,Psychiatry,OH,2024-01-17,20.64,Travel & Lodging,Acme Pharma
PHY00308,Oncology,MI,2025-03-19,427.7,Research Payment,NovaHealth Inc
PHY00290,Psychiatry,TX,2024-12-16,61.24,Royalty,MedCore Ltd
PHY00161,General Practice,TX,2024-05-19,66.26,Consulting Fee,NovaHealth Inc
PHY00012,General Practice,GA,2024-11-30,7056.1,Meal,MedCore Ltd
PHY00292,Endocrinology,CA,2024-09-06,2096.93,Consulting Fee,BioGen Solutions
PHY00038,Cardiology,CA,2024-10-26,505.26,Travel & Lodging,Acme Pharma
PHY00380,Cardiology,PA,2025-04-13,1046.52,Consulting Fee,Acme Pharma
PHY00309,Psychiatry,GA,2024-09-18,489.52,Research Payment,NovaHealth Inc
PHY00249,Cardiology,FL,2024-09-01,2388.05,Consulting Fee,BioGen Solutions
PHY00175,Psychiatry,MI,2025-12-16,277.14,Research Payment,NovaHealth Inc
PHY00315,Endocrinology,PA,2024-02-28,345.77,Research Payment,MedCore Ltd
PHY00386,Psychiatry,IL,2024-08-05,376.39,Royalty,Acme Pharma
PHY00138,Cardiology,GA,2025-02-09,249.09,Research Payment,Acme Pharma
PHY00406,Neurology,CA,2024-04-19,241.51,Consulting Fee,Acme Pharma
PHY00091,Psychiatry,PA,2025-02-17,127.6,Speaker Fee,NovaHealth Inc
PHY00133,Cardiology,GA,2024-10-09,1276.51,Consulting Fee,NovaHealth Inc
PHY00446,Endocrinology,MI,2024-02-01,534.32,Speaker Fee,NovaHealth Inc
PHY00143,Neurology,NY,2025-02-13,1217.51,Research Payment,MedCore Ltd
PHY00032,Cardiology,GA,2024-01-28,232.74,Research Payment,BioGen Solutions
PHY00018,Psychiatry,TX,2024-04-12,32.51,Royalty,BioGen Solutions
PHY00139,General Practice,TX,2025-11-02,26.55,Travel & Lodging,BioGen Solutions
PHY00325,Rheumatology,IL,2024-08-26,322.26,Royalty,Acme Pharma
PHY00111,Psychiatry,MI,2025-02-11,734.74,Meal,Acme Pharma
PHY00162,Cardiology,NY,2025-08-26,4833.01,Royalty,BioGen Solutions
PHY00205,Neurology,NC,2025-02-18,94.47,Consulting Fee,Acme Pharma
PHY00117,Cardiology,OH,2025-10-26,58.62,Meal,MedCore Ltd
PHY00082,Neurology,IL,2025-06-01,476.24,Travel & Lodging,NovaHealth Inc
PHY00326,Rheumatology,NC,2025-08-12,121.67,Travel & Lodging,MedCore Ltd
PHY00321,Psychiatry,NY,2025-11-14,105.44,Travel & Lodging,NovaHealth Inc
PHY00192,Endocrinology,NC,2024-11-24,82.54,Royalty,Acme Pharma
PHY00434,Psychiatry,FL,2024-03-03,610.12,Meal,Acme Pharma
PHY00177,Endocrinology,NC,2024-07-22,389.04,Royalty,NovaHealth Inc
PHY00488,Neurology,NC,2025-06-16,311.81,Consulting Fee,MedCore Ltd
PHY00324,Oncology,NY,2024-06-08,407.79,Speaker Fee,NovaHealth Inc
PHY00413,Rheumatology,FL,2024-03-06,1319.73,Royalty,BioGen Solutions
PHY00044,Psychiatry,OH,2025-12-22,328.42,Meal,BioGen Solutions
PHY00091,Psychiatry,PA,2024-10-27,145.23,Consulting Fee,BioGen Solutions
PHY00411,Endocrinology,CA,2024-04-07,134.06,Travel & Lodging,Acme Pharma
PHY00026,Rheumatology,MI,2024-01-28,118.49,Travel & Lodging,NovaHealth Inc
PHY00102,Oncology,NY,2024-06-24,37.24,Speaker Fee,Acme Pharma
PHY00457,Rheumatology,NC,2025-02-26,307.62,Travel & Lodging,MedCore Ltd
PHY00380,Cardiology,PA,2025-06-14,314.12,Meal,NovaHealth Inc
PHY00141,Psychiatry,CA,2025-06-20,33.28,Speaker Fee,Acme Pharma
PHY00295,Oncology,PA,2025-01-23,40.59,Consulting Fee,NovaHealth Inc
PHY00107,Rheumatology,CA,2024-04-20,44.3,Speaker Fee,Acme Pharma
PHY00134,Pulmonology,OH,2025-12-20,104.13,Speaker Fee,BioGen Solutions
PHY00257,General Practice,PA,2025-11-27,556.49,Research Payment,MedCore Ltd
PHY00087,Rheumatology,MI,2024-01-19,67.2,Royalty,BioGen Solutions
PHY00386,Psychiatry,IL,2024-02-25,366.23,Consulting Fee,BioGen Solutions
PHY00150,Psychiatry,TX,2024-10-09,113.6,Research Payment,MedCore Ltd
PHY00316,Psychiatry,CA,2025-10-29,219.04,Consulting Fee,Acme Pharma
PHY00462,Pulmonology,GA,2024-04-26,148.23,Speaker Fee,MedCore Ltd
PHY00331,Cardiology,IL,2025-09-22,42.25,Meal,NovaHealth Inc
PHY00075,Pulmonology,GA,2024-09-28,155.08,Travel & Lodging,BioGen Solutions
PHY00283,Rheumatology,IL,2025-07-16,5026.39,Travel & Lodging,MedCore Ltd
PHY00251,Rheumatology,OH,2024-05-09,2073.0,Meal,NovaHealth Inc
PHY00432,Rheumatology,FL,2025-11-22,526.76,Speaker Fee,NovaHealth Inc
PHY00321,Psychiatry,NY,2024-10-16,104.57,Consulting Fee,Acme Pharma
PHY00240,Psychiatry,MI,2025-04-19,97.39,Royalty,MedCore Ltd
PHY00286,Endocrinology,NY,2024-07-11,98.1,Consulting Fee,MedCore Ltd
PHY00118,Rheumatology,MI,2024-01-06,37.17,Travel & Lodging,NovaHealth Inc
PHY00051,General Practice,MI,2024-10-20,366.52,Consulting Fee,MedCore Ltd
PHY00392,Endocrinology,TX,2024-09-05,454.18,Research Payment,BioGen Solutions
PHY00382,Rheumatology,NY,2025-03-25,361.81,Travel & Lodging,Acme Pharma
PHY00443,Cardiology,IL,2025-10-17,851.95,Speaker Fee,Acme Pharma
PHY00268,Psychiatry,NC,2025-04-20,88.03,Research Payment,MedCore Ltd
PHY00289,Cardiology,NC,2024-07-30,134.91,Consulting Fee,BioGen Solutions
PHY00362,Cardiology,MI,2025-09-03,166.98,Royalty,NovaHealth Inc
PHY00327,Endocrinology,TX,2025-10-08,222.88,Meal,BioGen Solutions
PHY00136,Pulmonology,CA,2024-06-30,10.8,Consulting Fee,BioGen Solutions
PHY00182,General Practice,FL,2025-06-16,3846.31,Speaker Fee,BioGen Solutions
PHY00218,Pulmonology,OH,2025-08-27,1143.83,Research Payment,BioGen Solutions
PHY00157,General Practice,GA,2025-05-07,3353.91,Travel & Lodging,MedCore Ltd
PHY00290,Psychiatry,TX,2024-02-29,157.7,Meal,NovaHealth Inc
PHY00002,Neurology,OH,2024-12-01,2867.41,Meal,MedCore Ltd
PHY00096,Rheumatology,OH,2024-06-13,242.17,Speaker Fee,Acme Pharma
PHY00365,General Practice,CA,2024-06-24,390.7,Research Payment,MedCore Ltd
PHY00157,General Practice,GA,2024-10-05,267.7,Travel & Lodging,BioGen Solutions
PHY00491,Psychiatry,MI,2025-06-02,515.35,Royalty,NovaHealth Inc
PHY00426,Pulmonology,NY,2025-04-02,44.17,Travel & Lodging,MedCore Ltd
PHY00482,Rheumatology,OH,2025-02-10,282.6,Research Payment,NovaHealth Inc
PHY00199,Pulmonology,PA,2025-01-25,190.21,Consulting Fee,BioGen Solutions
PHY00334,Endocrinology,CA,2025-05-12,261.29,Speaker Fee,MedCore Ltd
PHY00493,Cardiology,NC,2025-06-04,415.59,Travel & Lodging,NovaHealth Inc
PHY00130,Neurology,GA,2024-03-21,310.15,Speaker Fee,Acme Pharma
PHY00133,Cardiology,GA,2025-07-15,311.4,Speaker Fee,MedCore Ltd
PHY00088,Cardiology,MI,2025-09-15,747.43,Consulting Fee,Acme Pharma
PHY00156,Oncology,MI,2025-09-16,110.72,Royalty,BioGen Solutions
PHY00238,Rheumatology,NC,2024-11-29,103.98,Royalty,NovaHealth Inc
PHY00177,Endocrinology,NC,2024-09-17,321.04,Research Payment,BioGen Solutions
PHY00143,Neurology,NY,2025-12-09,191.47,Royalty,BioGen Solutions
PHY00296,Neurology,PA,2025-07-28,882.88,Speaker Fee,BioGen Solutions
PHY00463,Rheumatology,CA,2024-08-01,64.18,Meal,NovaHealth Inc
PHY00109,Rheumatology,IL,2025-06-04,175.22,Consulting Fee,BioGen Solutions
PHY00358,Psychiatry,OH,2025-12-04,1370.63,Speaker Fee,BioGen Solutions
PHY00466,General Practice,CA,2024-12-17,344.29,Speaker Fee,Acme Pharma
PHY00288,Pulmonology,FL,2024-09-01,107.0,Meal,Acme Pharma
PHY00302,Cardiology,PA,2025-04-24,107.56,Research Payment,MedCore Ltd
PHY00430,Neurology,PA,2025-09-29,95.24,Consulting Fee,Acme Pharma
PHY00302,Cardiology,PA,2024-06-27,333.44,Royalty,BioGen Solutions
PHY00081,General Practice,MI,2024-06-18,159.24,Speaker Fee,BioGen Solutions
PHY00418,Oncology,CA,2024-11-12,371.94,Research Payment,Acme Pharma
PHY00481,Neurology,NY,2025-12-11,174.42,Meal,MedCore Ltd
PHY00192,Endocrinology,NC,2025-01-31,114.77,Meal,MedCore Ltd
PHY00107,Rheumatology,CA,2024-04-07,78.92,Consulting Fee,BioGen Solutions
PHY00242,General Practice,IL,2025-07-07,89.53,Speaker Fee,NovaHealth Inc
PHY00188,General Practice,IL,2025-01-19,241.33,Research Payment,Acme Pharma
PHY00087,Rheumatology,MI,2025-05-03,80.91,Speaker Fee,Acme Pharma
PHY00345,Endocrinology,TX,2025-06-01,234.12,Royalty,Acme Pharma
PHY00460,Endocrinology,NC,2024-05-14,961.69,Research Payment,Acme Pharma
PHY00497,Endocrinology,MI,2024-01-04,172.36,Consulting Fee,BioGen Solutions
PHY00363,Cardiology,MI,2025-12-17,431.47,Consulting Fee,MedCore Ltd
PHY00032,Cardiology,GA,2024-07-30,544.93,Travel & Lodging,NovaHealth Inc
PHY00234,Neurology,PA,2025-02-11,796.7,Royalty,NovaHealth Inc
PHY00050,Rheumatology,MI,2025-03-05,88.15,Consulting Fee,Acme Pharma
PHY00411,Endocrinology,CA,2024-08-28,102.05,Speaker Fee,BioGen Solutions
PHY00236,Neurology,GA,2025-10-26,1186.76,Meal,Acme Pharma
PHY00114,Rheumatology,FL,2024-09-08,531.71,Meal,NovaHealth Inc
PHY00142,Cardiology,CA,2025-09-17,1355.88,Speaker Fee,BioGen Solutions
PHY00334,Endocrinology,CA,2025-07-18,210.19,Travel & Lodging,NovaHealth Inc
PHY00042,General Practice,TX,2025-03-31,223.08,Travel & Lodging,NovaHealth Inc
PHY00105,Oncology,NC,2025-02-03,709.77,Royalty,NovaHealth Inc
PHY00284,General Practice,IL,2025-05-30,3304.78,Royalty,MedCore Ltd
PHY00009,General Practice,MI,2025-02-23,200.57,Research Payment,MedCore Ltd
PHY00348,Neurology,CA,2025-10-22,43.66,Meal,BioGen Solutions
PHY00366,General Practice,IL,2024-08-14,473.5,Royalty,MedCore Ltd
PHY00439,General Practice,TX,2024-12-21,71.64,Meal,Acme Pharma
PHY00081,General Practice,MI,2024-02-15,173.67,Consulting Fee,Acme Pharma
PHY00298,General Practice,OH,2025-02-10,1864.55,Meal,MedCore Ltd
PHY00227,Pulmonology,NY,2024-03-19,179.17,Consulting Fee,NovaHealth Inc
PHY00032,Cardiology,GA,2025-12-23,618.1,Research Payment,MedCore Ltd
PHY00048,General Practice,MI,2025-03-10,462.3,Consulting Fee,BioGen Solutions
PHY00327,Endocrinology,TX,2024-06-13,329.61,Research Payment,BioGen Solutions
PHY00041,Endocrinology,OH,2024-06-16,257.56,Travel & Lodging,NovaHealth Inc
PHY00318,Cardiology,CA,2025-03-02,349.94,Speaker Fee,MedCore Ltd
PHY00123,Oncology,TX,2024-09-03,304.53,Research Payment,Acme Pharma
PHY00261,Cardiology,NY,2025-05-20,557.45,Travel & Lodging,Acme Pharma
PHY00086,Endocrinology,CA,2024-04-13,44.96,Research Payment,Acme Pharma
PHY00246,Rheumatology,GA,2024-02-07,38.06,Meal,Acme Pharma
PHY00011,Endocrinology,GA,2025-10-01,295.59,Royalty,BioGen Solutions
PHY00444,Psychiatry,IL,2025-07-09,3051.1,Research Payment,NovaHealth Inc
PHY00182,General Practice,FL,2024-04-21,273.47,Meal,Acme Pharma
PHY00422,Oncology,TX,2024-09-21,524.42,Speaker Fee,Acme Pharma
PHY00369,Endocrinology,NY,2024-12-12,71.42,Consulting Fee,MedCore Ltd
PHY00420,Rheumatology,GA,2024-12-19,45.35,Speaker Fee,BioGen Solutions
PHY00489,Cardiology,OH,2025-03-03,94.32,Research Payment,BioGen Solutions
PHY00050,Rheumatology,MI,2025-12-09,782.86,Speaker Fee,MedCore Ltd
PHY00323,Neurology,TX,2024-09-14,870.74,Consulting Fee,MedCore Ltd
PHY00403,Endocrinology,FL,2025-02-27,258.98,Travel & Lodging,NovaHealth Inc
PHY00173,Endocrinology,NC,2025-09-19,216.53,Consulting Fee,BioGen Solutions
PHY00489,Cardiology,OH,2025-08-03,99.08,Research Payment,Acme Pharma
PHY00053,Endocrinology,CA,2025-09-15,1005.18,Royalty,BioGen Solutions
PHY00418,Oncology,CA,2025-09-16,568.55,Royalty,MedCore Ltd
PHY00437,Psychiatry,NY,2025-06-26,1267.12,Research Payment,MedCore Ltd
PHY00284,General Practice,IL,2025-11-01,29.9,Consulting Fee,BioGen Solutions
PHY00322,Pulmonology,PA,2025-11-11,948.23,Speaker Fee,BioGen Solutions
PHY00040,Endocrinology,NY,2024-08-22,41.77,Consulting Fee,NovaHealth Inc
PHY00077,Neurology,MI,2025-07-24,657.54,Research Payment,BioGen Solutions
PHY00354,Psychiatry,IL,2025-01-29,1255.18,Speaker Fee,NovaHealth Inc
PHY00141,Psychiatry,CA,2025-08-05,52.57,Speaker Fee,BioGen Solutions
PHY00372,Psychiatry,CA,2024-03-20,198.48,Research Payment,Acme Pharma
PHY00042,General Practice,TX,2025-09-23,99.79,Travel & Lodging,Acme Pharma
PHY00276,Neurology,CA,2025-10-26,265.1,Consulting Fee,NovaHealth Inc
PHY00196,Oncology,CA,2025-02-02,383.69,Travel & Lodging,NovaHealth Inc
PHY00091,Psychiatry,PA,2025-12-09,43.33,Travel & Lodging,NovaHealth Inc
PHY00418,Oncology,CA,2025-03-22,275.74,Meal,NovaHealth Inc
PHY00233,Neurology,CA,2025-01-05,402.38,Consulting Fee,Acme Pharma
PHY00363,Cardiology,MI,2025-08-12,53.49,Speaker Fee,BioGen Solutions
PHY00216,Pulmonology,FL,2025-12-25,85.31,Speaker Fee,BioGen Solutions
PHY00473,Endocrinology,MI,2024-05-14,75.04,Travel & Lodging,BioGen Solutions
PHY00047,Psychiatry,NC,2025-01-26,297.89,Travel & Lodging,BioGen Solutions
PHY00100,Pulmonology,NY,2025-05-15,100.36,Travel & Lodging,MedCore Ltd
PHY00068,Cardiology,OH,2025-08-24,107.57,Royalty,NovaHealth Inc
PHY00059,Endocrinology,CA,2024-07-13,80.39,Travel & Lodging,NovaHealth Inc
PHY00407,Rheumatology,GA,2024-10-22,1384.66,Consulting Fee,MedCore Ltd
PHY00483,Pulmonology,TX,2024-05-25,32.89,Research Payment,Acme Pharma
PHY00111,Psychiatry,MI,2025-10-02,68.49,Consulting Fee,BioGen Solutions
PHY00334,Endocrinology,CA,2025-06-06,1111.98,Speaker Fee,NovaHealth Inc
PHY00162,Cardiology,NY,2025-03-05,54.76,Travel & Lodging,BioGen Solutions
PHY00166,Cardiology,MI,2025-07-26,346.27,Speaker Fee,BioGen Solutions
PHY00430,Neurology,PA,2025-09-16,3929.39,Speaker Fee,BioGen Solutions
PHY00453,Rheumatology,MI,2024-06-18,93.72,Royalty,NovaHealth Inc
PHY00057,Psychiatry,PA,2024-08-27,2103.48,Research Payment,BioGen Solutions
PHY00302,Cardiology,PA,2024-04-15,38.59,Speaker Fee,Acme Pharma
PHY00097,Oncology,IL,2025-10-26,1698.01,Royalty,BioGen Solutions
PHY00073,Cardiology,NY,2024-09-10,19.41,Travel & Lodging,BioGen Solutions
PHY00004,General Practice,NY,2025-07-03,1585.84,Consulting Fee,BioGen Solutions
PHY00255,Cardiology,PA,2024-10-04,70.02,Research Payment,NovaHealth Inc
PHY00015,Psychiatry,OH,2024-05-05,80.39,Royalty,NovaHealth Inc
PHY00306,Pulmonology,MI,2024-02-29,400.95,Research Payment,BioGen Solutions
PHY00116,Neurology,IL,2025-01-25,441.07,Travel & Lodging,Acme Pharma
PHY00311,Psychiatry,TX,2025-03-24,363.5,Royalty,MedCore Ltd
PHY00168,General Practice,TX,2024-06-29,133.6,Research Payment,MedCore Ltd
PHY00306,Pulmonology,MI,2025-12-21,68.74,Meal,MedCore Ltd
PHY00137,Cardiology,FL,2024-12-20,1524.84,Royalty,MedCore Ltd
PHY00065,General Practice,PA,2024-01-24,47.35,Travel & Lodging,NovaHealth Inc
PHY00090,Oncology,TX,2025-09-09,673.19,Research Payment,MedCore Ltd
PHY00365,General Practice,CA,2025-02-04,79.23,Royalty,Acme Pharma
PHY00389,Cardiology,OH,2025-08-26,320.66,Meal,NovaHealth Inc
PHY00179,Cardiology,NY,2024-09-24,1232.92,Research Payment,MedCore Ltd
PHY00008,Pulmonology,PA,2025-03-24,22.26,Research Payment,MedCore Ltd
PHY00258,Rheumatology,OH,2025-12-08,46.54,Meal,MedCore Ltd
PHY00330,Psychiatry,TX,2025-10-04,736.64,Travel & Lodging,NovaHealth Inc
PHY00149,Cardiology,MI,2025-01-14,47.41,Travel & Lodging,MedCore Ltd
PHY00149,Cardiology,MI,2025-02-23,227.92,Royalty,NovaHealth Inc
PHY00033,Neurology,MI,2024-10-25,96.48,Travel & Lodging,Acme Pharma
PHY00431,Cardiology,GA,2025-05-09,174.36,Research Payment,Acme Pharma
PHY00388,General Practice,CA,2025-02-09,33.3,Consulting Fee,NovaHealth Inc
PHY00465,Neurology,FL,2024-07-24,56.35,Speaker Fee,Acme Pharma
PHY00350,General Practice,OH,2024-12-01,12.52,Royalty,MedCore Ltd
PHY00038,Cardiology,CA,2024-08-15,363.76,Royalty,NovaHealth Inc
PHY00101,General Practice,MI,2025-02-28,474.03,Travel & Lodging,NovaHealth Inc
PHY00208,Neurology,NY,2025-08-17,628.77,Travel & Lodging,Acme Pharma
PHY00179,Cardiology,NY,2024-02-27,226.68,Consulting Fee,BioGen Solutions
PHY00388,General Practice,CA,2024-03-13,335.1,Speaker Fee,BioGen Solutions
PHY00019,Psychiatry,MI,2025-09-16,750.03,Meal,MedCore Ltd
PHY00277,Cardiology,PA,2025-11-04,543.0,Speaker Fee,BioGen Solutions
PHY00321,Psychiatry,NY,2024-02-12,353.09,Consulting Fee,NovaHealth Inc
PHY00293,Cardiology,CA,2025-11-18,139.78,Consulting Fee,NovaHealth Inc
PHY00309,Psychiatry,GA,2025-03-15,157.24,Consulting Fee,BioGen Solutions
PHY00308,Oncology,MI,2025-05-30,607.76,Royalty,NovaHealth Inc
PHY00478,Psychiatry,GA,2025-09-06,156.31,Meal,BioGen Solutions
PHY00472,Psychiatry,PA,2025-02-23,726.47,Travel & Lodging,BioGen Solutions
PHY00177,Endocrinology,NC,2024-03-30,42.85,Speaker Fee,MedCore Ltd
PHY00171,Psychiatry,NC,2025-09-29,419.92,Royalty,Acme Pharma
PHY00301,Cardiology,GA,2025-08-22,120.6,Consulting Fee,MedCore Ltd
PHY00254,Pulmonology,FL,2024-10-04,444.38,Meal,NovaHealth Inc
PHY00068,Cardiology,OH,2025-05-21,443.26,Royalty,BioGen Solutions
PHY00125,Pulmonology,MI,2025-01-31,173.78,Travel & Lodging,NovaHealth Inc
PHY00238,Rheumatology,NC,2024-01-03,772.03,Travel & Lodging,MedCore Ltd
PHY00025,Neurology,OH,2025-05-23,17.77,Travel & Lodging,Acme Pharma
PHY00055,General Practice,MI,2024-06-11,1091.02,Royalty,BioGen Solutions
PHY00039,Cardiology,GA,2025-11-27,1740.13,Consulting Fee,Acme Pharma
PHY00406,Neurology,CA,2024-08-17,678.96,Travel & Lodging,Acme Pharma
PHY00425,Psychiatry,TX,2024-10-13,308.32,Consulting Fee,BioGen Solutions
PHY00426,Pulmonology,NY,2025-05-26,205.86,Meal,NovaHealth Inc
PHY00187,Oncology,OH,2024-02-09,219.59,Meal,BioGen Solutions
PHY00204,Cardiology,NY,2024-06-24,832.63,Royalty,MedCore Ltd
PHY00329,Psychiatry,GA,2024-07-18,142.27,Consulting Fee,MedCore Ltd
PHY00250,Endocrinology,CA,2024-08-14,1540.22,Speaker Fee,Acme Pharma
PHY00477,Cardiology,MI,2025-01-10,228.2,Meal,MedCore Ltd
PHY00326,Rheumatology,NC,2024-09-08,286.73,Speaker Fee,NovaHealth Inc
PHY00376,Neurology,OH,2025-02-12,1080.14,Travel & Lodging,NovaHealth Inc
PHY00420,Rheumatology,GA,2025-07-14,179.6,Travel & Lodging,BioGen Solutions
PHY00251,Rheumatology,OH,2024-01-07,245.12,Royalty,Acme Pharma
PHY00381,Psychiatry,PA,2024-01-01,23.92,Consulting Fee,MedCore Ltd
PHY00375,Cardiology,GA,2025-02-01,231.0,Speaker Fee,Acme Pharma
PHY00465,Neurology,FL,2025-05-14,47.43,Travel & Lodging,BioGen Solutions
PHY00001,General Practice,IL,2025-07-06,120.32,Travel & Lodging,NovaHealth Inc
PHY00335,Rheumatology,PA,2025-04-09,2575.9,Research Payment,BioGen Solutions
PHY00137,Cardiology,FL,2025-09-02,61.68,Travel & Lodging,MedCore Ltd
PHY00330,Psychiatry,TX,2024-03-05,141.7,Research Payment,BioGen Solutions
PHY00433,Pulmonology,GA,2024-02-19,92.78,Royalty,Acme Pharma
PHY00342,Neurology,PA,2025-06-13,435.47,Speaker Fee,BioGen Solutions
PHY00269,General Practice,OH,2024-03-20,169.04,Speaker Fee,BioGen Solutions
PHY00225,Oncology,MI,2025-11-01,161.4,Meal,Acme Pharma
PHY00485,Pulmonology,PA,2025-08-07,95.36,Travel & Lodging,NovaHealth Inc
PHY00340,Neurology,MI,2025-06-14,2537.05,Meal,MedCore Ltd
PHY00346,General Practice,NC,2024-03-14,260.77,Meal,BioGen Solutions
PHY00499,Cardiology,CA,2024-08-09,193.06,Royalty,Acme Pharma
PHY00176,Rheumatology,IL,2025-10-25,93.27,Travel & Lodging,NovaHealth Inc
PHY00085,General Practice,IL,2025-01-17,139.26,Consulting Fee,Acme Pharma
PHY00463,Rheumatology,CA,2025-03-26,271.27,Consulting Fee,MedCore Ltd
PHY00102,Oncology,NY,2024-01-08,448.77,Speaker Fee,BioGen Solutions
PHY00078,Neurology,OH,2025-02-07,811.21,Speaker Fee,MedCore Ltd
PHY00434,Psychiatry,FL,2024-06-12,1011.86,Research Payment,MedCore Ltd
PHY00144,Psychiatry,IL,2024-11-30,564.73,Travel & Lodging,BioGen Solutions
PHY00424,Endocrinology,IL,2024-09-04,531.46,Consulting Fee,BioGen Solutions
PHY00325,Rheumatology,IL,2024-11-01,634.02,Speaker Fee,BioGen Solutions
PHY00447,Endocrinology,PA,2025-12-13,158.71,Travel & Lodging,Acme Pharma
PHY00112,General Practice,IL,2024-05-07,339.85,Travel & Lodging,BioGen Solutions
PHY00124,General Practice,FL,2025-05-17,238.66,Royalty,Acme Pharma
PHY00096,Rheumatology,OH,2024-04-16,290.39,Royalty,NovaHealth Inc
PHY00032,Cardiology,GA,2025-05-07,1676.46,Speaker Fee,BioGen Solutions
PHY00267,Neurology,GA,2025-03-18,287.23,Research Payment,BioGen Solutions
PHY00298,General Practice,OH,2024-12-09,550.48,Consulting Fee,BioGen Solutions
PHY00011,Endocrinology,GA,2024-07-19,50.94,Royalty,MedCore Ltd
PHY00307,Neurology,FL,2025-06-27,1338.56,Meal,BioGen Solutions
PHY00404,Cardiology,NC,2025-08-23,310.09,Meal,Acme Pharma
PHY00332,Cardiology,OH,2025-12-21,257.69,Consulting Fee,NovaHealth Inc
PHY00465,Neurology,FL,2024-09-14,292.89,Research Payment,BioGen Solutions
PHY00210,Pulmonology,IL,2024-03-29,1420.15,Meal,NovaHealth Inc
PHY00336,Psychiatry,CA,2024-03-03,1288.72,Meal,Acme Pharma
PHY00279,Cardiology,PA,2025-04-13,331.11,Research Payment,BioGen Solutions
PHY00112,General Practice,IL,2024-10-27,369.3,Speaker Fee,BioGen Solutions
PHY00457,Rheumatology,NC,2025-08-23,272.06,Royalty,BioGen Solutions
PHY00333,Neurology,GA,2024-12-27,183.04,Research Payment,MedCore Ltd
PHY00220,General Practice,OH,2024-03-01,92.42,Travel & Lodging,NovaHealth Inc
PHY00012,General Practice,GA,2024-08-03,1207.21,Travel & Lodging,NovaHealth Inc
PHY00491,Psychiatry,MI,2025-10-26,84.36,Meal,NovaHealth Inc
PHY00435,Neurology,GA,2025-04-28,325.53,Research Payment,NovaHealth Inc
PHY00357,Oncology,IL,2024-11-18,180.27,Speaker Fee,MedCore Ltd
PHY00184,Endocrinology,CA,2024-12-24,183.54,Consulting Fee,Acme Pharma
PHY00065,General Practice,PA,2025-12-10,187.19,Travel & Lodging,BioGen Solutions
PHY00303,Endocrinology,GA,2025-04-23,13.28,Research Payment,Acme Pharma
PHY00404,Cardiology,NC,2024-12-31,697.46,Speaker Fee,Acme Pharma
PHY00319,General Practice,IL,2024-11-23,101.39,Research Payment,NovaHealth Inc
PHY00475,Endocrinology,GA,2025-12-25,625.51,Research Payment,BioGen Solutions
PHY00157,General Practice,GA,2025-07-12,586.6,Speaker Fee,MedCore Ltd
PHY00454,Rheumatology,TX,2025-11-30,959.22,Speaker Fee,BioGen Solutions
PHY00162,Cardiology,NY,2024-10-27,89.91,Consulting Fee,NovaHealth Inc
PHY00224,Neurology,OH,2025-11-22,106.78,Travel & Lodging,Acme Pharma
PHY00107,Rheumatology,CA,2024-10-23,113.66,Royalty,MedCore Ltd
PHY00240,Psychiatry,MI,2025-05-02,66.93,Speaker Fee,BioGen Solutions
PHY00347,Endocrinology,NY,2025-01-27,975.04,Travel & Lodging,NovaHealth Inc
PHY00484,Rheumatology,MI,2024-10-30,59.46,Speaker Fee,MedCore Ltd
PHY00405,Psychiatry,PA,2024-05-10,785.81,Consulting Fee,NovaHealth Inc
PHY00391,Endocrinology,IL,2025-06-02,63.98,Travel & Lodging,Acme Pharma
PHY00139,General Practice,TX,2025-01-01,185.26,Speaker Fee,MedCore Ltd
PHY00498,Neurology,NC,2024-11-18,162.32,Research Payment,MedCore Ltd
PHY00116,Neurology,IL,2025-10-23,80.34,Meal,NovaHealth Inc
PHY00489,Cardiology,OH,2024-06-29,922.98,Research Payment,NovaHealth Inc
PHY00116,Neurology,IL,2024-03-07,891.58,Travel & Lodging,Acme Pharma
PHY00244,Cardiology,PA,2024-12-06,140.97,Consulting Fee,MedCore Ltd
PHY00398,Rheumatology,TX,2025-12-03,522.96,Consulting Fee,NovaHealth Inc
PHY00137,Cardiology,FL,2024-03-17,1097.8,Research Payment,NovaHealth Inc
PHY00425,Psychiatry,TX,2025-03-04,775.35,Royalty,NovaHealth Inc
PHY00048,General Practice,MI,2024-09-11,32.86,Royalty,NovaHealth Inc
PHY00208,Neurology,NY,2025-05-13,4580.24,Royalty,MedCore Ltd
PHY00280,Oncology,MI,2025-08-01,508.47,Meal,MedCore Ltd
PHY00001,General Practice,IL,2024-10-16,495.78,Speaker Fee,NovaHealth Inc
PHY00434,Psychiatry,FL,2024-02-13,413.64,Royalty,NovaHealth Inc
PHY00432,Rheumatology,FL,2024-09-18,76.52,Speaker Fee,BioGen Solutions
PHY00111,Psychiatry,MI,2024-12-26,15.69,Royalty,MedCore Ltd
PHY00226,Oncology,IL,2024-07-28,140.15,Royalty,MedCore Ltd
PHY00188,General Practice,IL,2025-09-15,1351.11,Meal,Acme Pharma
PHY00422,Oncology,TX,2025-04-20,64.35,Consulting Fee,Acme Pharma
PHY00411,Endocrinology,CA,2025-02-05,190.52,Speaker Fee,Acme Pharma
PHY00470,Neurology,FL,2024-05-18,900.03,Royalty,NovaHealth Inc
PHY00441,Cardiology,NY,2025-10-05,185.14,Travel & Lodging,Acme Pharma
PHY00232,Neurology,MI,2025-04-02,379.74,Meal,NovaHealth Inc
PHY00443,Cardiology,IL,2024-11-16,622.34,Research Payment,MedCore Ltd
PHY00158,Oncology,MI,2024-04-08,620.75,Consulting Fee,BioGen Solutions
PHY00401,Psychiatry,NY,2025-07-24,146.87,Royalty,NovaHealth Inc
PHY00311,Psychiatry,TX,2025-06-02,93.21,Royalty,BioGen Solutions
PHY00098,Neurology,PA,2024-09-24,1548.62,Meal,MedCore Ltd
PHY00500,Neurology,FL,2024-11-03,166.65,Meal,Acme Pharma
PHY00328,General Practice,MI,2025-04-08,444.37,Royalty,Acme Pharma
PHY00413,Rheumatology,FL,2024-06-11,55.6,Meal,BioGen Solutions
PHY00317,Endocrinology,NC,2025-02-20,42.87,Royalty,Acme Pharma
PHY00377,Neurology,MI,2024-11-10,91.5,Royalty,MedCore Ltd
PHY00207,Psychiatry,FL,2024-08-02,366.32,Research Payment,Acme Pharma
PHY00182,General Practice,FL,2024-11-27,121.07,Speaker Fee,NovaHealth Inc
PHY00107,Rheumatology,CA,2024-12-13,91.96,Royalty,Acme Pharma
PHY00280,Oncology,MI,2024-09-01,603.8,Royalty,NovaHealth Inc
PHY00374,Psychiatry,TX,2024-07-18,626.36,Research Payment,Acme Pharma
PHY00007,Pulmonology,MI,2025-06-08,305.92,Consulting Fee,NovaHealth Inc
PHY00448,Rheumatology,IL,2025-03-03,1159.23,Research Payment,Acme Pharma
PHY00334,Endocrinology,CA,2024-09-28,249.12,Meal,NovaHealth Inc
PHY00137,Cardiology,FL,2024-11-16,145.72,Travel & Lodging,MedCore Ltd
PHY00020,Endocrinology,CA,2025-09-22,282.03,Travel & Lodging,Acme Pharma
PHY00336,Psychiatry,CA,2024-03-23,64.12,Speaker Fee,NovaHealth Inc
PHY00234,Neurology,PA,2025-06-23,466.89,Speaker Fee,NovaHealth Inc
PHY00464,Cardiology,MI,2024-11-09,55.43,Speaker Fee,MedCore Ltd
PHY00420,Rheumatology,GA,2025-01-19,266.63,Speaker Fee,NovaHealth Inc
PHY00257,General Practice,PA,2024-03-15,892.76,Speaker Fee,NovaHealth Inc
PHY00206,Pulmonology,OH,2024-07-17,182.88,Meal,BioGen Solutions
PHY00440,Endocrinology,MI,2025-11-21,215.89,Royalty,BioGen Solutions
PHY00062,General Practice,IL,2024-11-22,385.54,Research Payment,MedCore Ltd
PHY00078,Neurology,OH,2024-07-07,407.43,Meal,BioGen Solutions
PHY00263,Pulmonology,NY,2024-11-01,2263.52,Consulting Fee,NovaHealth Inc
PHY00094,Rheumatology,IL,2025-08-03,1672.88,Consulting Fee,Acme Pharma
PHY00441,Cardiology,NY,2024-03-02,118.08,Meal,BioGen Solutions
PHY00454,Rheumatology,TX,2025-07-27,41.72,Travel & Lodging,Acme Pharma
PHY00301,Cardiology,GA,2025-03-31,364.81,Royalty,Acme Pharma
PHY00112,General Practice,IL,2024-12-02,24.77,Travel & Lodging,NovaHealth Inc
PHY00472,Psychiatry,PA,2024-07-09,1248.79,Research Payment,MedCore Ltd
PHY00302,Cardiology,PA,2025-10-26,36.62,Speaker Fee,BioGen Solutions
PHY00418,Oncology,CA,2025-08-28,78.27,Research Payment,Acme Pharma
PHY00009,General Practice,MI,2025-03-25,287.38,Consulting Fee,BioGen Solutions
PHY00135,General Practice,TX,2025-09-13,279.18,Royalty,NovaHealth Inc
PHY00358,Psychiatry,OH,2024-06-25,1344.67,Consulting Fee,Acme Pharma
PHY00272,Psychiatry,NC,2024-10-03,214.98,Travel & Lodging,MedCore Ltd
PHY00367,Rheumatology,NC,2025-01-07,304.35,Royalty,BioGen Solutions
PHY00275,Cardiology,GA,2025-07-29,284.47,Meal,BioGen Solutions
PHY00399,Psychiatry,TX,2024-11-21,44.98,Royalty,Acme Pharma
PHY00080,Neurology,IL,2025-04-18,790.54,Royalty,BioGen Solutions
PHY00436,Psychiatry,NC,2024-10-04,303.58,Research Payment,BioGen Solutions
PHY00423,Rheumatology,PA,2024-05-20,2036.89,Speaker Fee,NovaHealth Inc
PHY00052,Rheumatology,PA,2025-09-06,412.23,Research Payment,NovaHealth Inc
PHY00201,General Practice,CA,2024-11-14,1108.96,Royalty,Acme Pharma
PHY00028,Oncology,MI,2025-05-28,260.85,Consulting Fee,BioGen Solutions
PHY00436,Psychiatry,NC,2025-01-22,45.47,Travel & Lodging,NovaHealth Inc
PHY00289,Cardiology,NC,2025-04-05,1531.66,Speaker Fee,Acme Pharma
PHY00062,General Practice,IL,2025-12-09,142.98,Meal,BioGen Solutions
PHY00308,Oncology,MI,2024-10-05,25.62,Royalty,BioGen Solutions
PHY00452,Rheumatology,NC,2025-06-16,84.93,Speaker Fee,BioGen Solutions
PHY00031,Pulmonology,NC,2024-04-30,120.37,Research Payment,NovaHealth Inc
PHY00371,Neurology,CA,2025-05-10,41.13,Consulting Fee,NovaHealth Inc
PHY00263,Pulmonology,NY,2024-10-19,380.17,Research Payment,NovaHealth Inc
PHY00016,Pulmonology,TX,2025-12-28,217.65,Travel & Lodging,BioGen Solutions
PHY00162,Cardiology,NY,2025-11-30,32.46,Research Payment,BioGen Solutions
PHY00300,Psychiatry,MI,2024-01-28,823.53,Meal,MedCore Ltd
PHY00348,Neurology,CA,2024-04-30,90.98,Meal,MedCore Ltd
PHY00016,Pulmonology,TX,2025-07-14,74.53,Speaker Fee,NovaHealth Inc
PHY00376,Neurology,OH,2025-08-07,173.46,Research Payment,Acme Pharma
PHY00177,Endocrinology,NC,2024-12-19,1275.01,Meal,Acme Pharma
PHY00404,Cardiology,NC,2025-04-22,270.84,Royalty,BioGen Solutions
PHY00351,Neurology,PA,2025-05-20,415.8,Travel & Lodging,MedCore Ltd
PHY00335,Rheumatology,PA,2024-09-29,1723.61,Meal,BioGen Solutions
PHY00368,Oncology,CA,2024-05-12,504.96,Research Payment,MedCore Ltd
PHY00229,Cardiology,TX,2024-07-13,519.93,Travel & Lodging,BioGen Solutions
PHY00303,Endocrinology,GA,2024-02-17,453.2,Speaker Fee,Acme Pharma
PHY00041,Endocrinology,OH,2025-03-31,601.63,Royalty,BioGen Solutions
PHY00182,General Practice,FL,2025-05-31,2703.51,Consulting Fee,MedCore Ltd
PHY00479,Cardiology,NY,2024-07-27,257.98,Travel & Lodging,MedCore Ltd
PHY00278,Rheumatology,IL,2025-11-18,139.66,Travel & Lodging,MedCore Ltd
PHY00464,Cardiology,MI,2025-08-05,96.5,Royalty,BioGen Solutions
PHY00055,General Practice,MI,2025-12-27,159.02,Consulting Fee,MedCore Ltd
PHY00423,Rheumatology,PA,2025-02-20,51.39,Travel & Lodging,Acme Pharma
PHY00020,Endocrinology,CA,2025-06-15,310.65,Consulting Fee,MedCore Ltd
PHY00025,Neurology,OH,2024-06-01,425.13,Research Payment,MedCore Ltd
PHY00004,General Practice,NY,2025-01-27,241.88,Speaker Fee,MedCore Ltd
PHY00327,Endocrinology,TX,2024-06-08,570.65,Meal,BioGen Solutions
PHY00180,Endocrinology,CA,2025-09-30,446.16,Meal,MedCore Ltd
PHY00481,Neurology,NY,2024-12-17,31.89,Travel & Lodging,NovaHealth Inc
PHY00400,Cardiology,TX,2025-01-30,56.22,Research Payment,MedCore Ltd
PHY00358,Psychiatry,OH,2025-01-30,287.65,Meal,MedCore Ltd
PHY00477,Cardiology,MI,2025-12-26,697.62,Consulting Fee,MedCore Ltd
PHY00486,Rheumatology,NY,2024-06-06,508.15,Research Payment,MedCore Ltd
PHY00366,General Practice,IL,2024-12-05,211.05,Speaker Fee,Acme Pharma
PHY00407,Rheumatology,GA,2025-02-21,334.71,Meal,BioGen Solutions
PHY00097,Oncology,IL,2024-11-04,56.76,Consulting Fee,Acme Pharma
PHY00364,Oncology,NY,2024-08-03,999.39,Royalty,BioGen Solutions
PHY00293,Cardiology,CA,2025-01-25,817.84,Research Payment,Acme Pharma
PHY00494,Rheumatology,CA,2024-07-20,9710.88,Royalty,NovaHealth Inc
PHY00478,Psychiatry,GA,2025-05-22,70.57,Consulting Fee,NovaHealth Inc
PHY00142,Cardiology,CA,2025-08-12,195.52,Speaker Fee,NovaHealth Inc
PHY00461,Oncology,PA,2025-12-07,149.27,Meal,MedCore Ltd
PHY00499,Cardiology,CA,2024-11-06,860.99,Consulting Fee,MedCore Ltd
PHY00239,Endocrinology,TX,2024-05-23,222.33,Speaker Fee,BioGen Solutions
PHY00205,Neurology,NC,2025-05-06,117.46,Meal,NovaHealth Inc
PHY00249,Cardiology,FL,2024-03-08,111.36,Research Payment,NovaHealth Inc
PHY00024,Psychiatry,PA,2024-04-20,928.86,Research Payment,BioGen Solutions
PHY00083,Pulmonology,OH,2025-04-04,266.23,Travel & Lodging,MedCore Ltd
PHY00424,Endocrinology,IL,2024-06-17,12.97,Research Payment,Acme Pharma
PHY00262,Rheumatology,OH,2025-12-27,396.18,Speaker Fee,Acme Pharma
PHY00340,Neurology,MI,2025-12-05,677.68,Consulting Fee,Acme Pharma
PHY00392,Endocrinology,TX,2024-03-04,633.46,Speaker Fee,Acme Pharma
PHY00236,Neurology,GA,2025-04-29,167.91,Research Payment,NovaHealth Inc
PHY00153,Cardiology,NY,2024-08-26,129.48,Royalty,BioGen Solutions
PHY00158,Oncology,MI,2025-04-25,22.52,Meal,Acme Pharma
PHY00416,Cardiology,CA,2024-07-21,576.6,Consulting Fee,Acme Pharma
PHY00385,Pulmonology,PA,2025-10-04,967.35,Meal,BioGen Solutions
PHY00097,Oncology,IL,2024-02-15,266.23,Royalty,BioGen Solutions
PHY00458,Psychiatry,MI,2024-07-22,246.65,Speaker Fee,NovaHealth Inc
PHY00482,Rheumatology,OH,2025-05-25,1838.89,Research Payment,MedCore Ltd
PHY00356,General Practice,NY,2025-08-21,244.03,Royalty,MedCore Ltd
PHY00067,Neurology,NY,2025-12-23,343.06,Consulting Fee,Acme Pharma
PHY00115,General Practice,CA,2025-02-23,277.62,Travel & Lodging,NovaHealth Inc
PHY00380,Cardiology,PA,2024-05-22,2322.2,Consulting Fee,Acme Pharma
PHY00238,Rheumatology,NC,2025-07-21,277.39,Research Payment,BioGen Solutions
PHY00449,General Practice,PA,2025-09-01,171.96,Consulting Fee,BioGen Solutions
PHY00042,General Practice,TX,2025-12-08,311.32,Speaker Fee,BioGen Solutions
PHY00325,Rheumatology,IL,2024-09-21,1855.91,Travel & Lodging,MedCore Ltd
PHY00074,Oncology,CA,2025-09-06,83.66,Consulting Fee,BioGen Solutions
PHY00102,Oncology,NY,2024-09-20,891.54,Speaker Fee,Acme Pharma
PHY00387,Endocrinology,NC,2024-03-26,65.4,Travel & Lodging,Acme Pharma
PHY00217,Neurology,IL,2025-07-31,21.51,Royalty,BioGen Solutions
PHY00356,General Practice,NY,2024-09-08,97.89,Research Payment,BioGen Solutions
PHY00430,Neurology,PA,2025-11-05,1827.61,Travel & Lodging,MedCore Ltd
PHY00067,Neurology,NY,2024-07-17,193.87,Speaker Fee,Acme Pharma
PHY00442,Psychiatry,NY,2024-01-01,173.14,Research Payment,Acme Pharma
PHY00092,Neurology,NC,2024-09-30,90.97,Speaker Fee,MedCore Ltd
PHY00173,Endocrinology,NC,2025-06-28,73.28,Consulting Fee,BioGen Solutions
PHY00196,Oncology,CA,2025-08-21,363.25,Research Payment,MedCore Ltd
PHY00044,Psychiatry,OH,2025-05-08,256.88,Meal,NovaHealth Inc
PHY00088,Cardiology,MI,2025-10-19,609.97,Consulting Fee,Acme Pharma
PHY00041,Endocrinology,OH,2024-05-05,222.87,Royalty,MedCore Ltd
PHY00402,Neurology,TX,2024-06-24,919.02,Meal,NovaHealth Inc
PHY00323,Neurology,TX,2025-01-01,59.72,Travel & Lodging,NovaHealth Inc
PHY00118,Rheumatology,MI,2025-12-25,108.92,Research Payment,MedCore Ltd
PHY00271,Rheumatology,NY,2024-12-12,469.61,Royalty,BioGen Solutions
PHY00463,Rheumatology,CA,2024-08-18,27.96,Research Payment,Acme Pharma
PHY00035,Rheumatology,NC,2024-01-26,123.75,Research Payment,NovaHealth Inc
PHY00320,Rheumatology,FL,2024-06-04,531.52,Meal,Acme Pharma
PHY00390,Cardiology,IL,2025-10-12,619.34,Travel & Lodging,MedCore Ltd
PHY00430,Neurology,PA,2025-08-20,671.32,Research Payment,MedCore Ltd
PHY00054,Neurology,FL,2025-08-27,77.9,Speaker Fee,NovaHealth Inc
PHY00203,General Practice,NC,2025-12-08,128.96,Speaker Fee,NovaHealth Inc
PHY00256,Endocrinology,NY,2024-08-10,666.41,Travel & Lodging,BioGen Solutions
PHY00103,Oncology,IL,2024-06-09,48.51,Consulting Fee,MedCore Ltd
PHY00430,Neurology,PA,2025-02-01,218.49,Research Payment,NovaHealth Inc
PHY00277,Cardiology,PA,2024-04-20,359.07,Travel & Lodging,NovaHealth Inc
PHY00014,Endocrinology,PA,2025-04-26,69.08,Meal,NovaHealth Inc
PHY00146,General Practice,CA,2024-10-08,585.3,Research Payment,NovaHealth Inc
PHY00169,General Practice,GA,2024-06-18,2755.44,Consulting Fee,Acme Pharma
PHY00225,Oncology,MI,2025-11-25,257.93,Research Payment,Acme Pharma
PHY00118,Rheumatology,MI,2024-12-30,1128.76,Research Payment,MedCore Ltd
PHY00450,Rheumatology,CA,2025-07-10,11.44,Speaker Fee,BioGen Solutions
PHY00429,Cardiology,OH,2025-02-06,1289.29,Consulting Fee,BioGen Solutions
PHY00164,Neurology,OH,2024-11-19,393.84,Speaker Fee,BioGen Solutions
PHY00186,Pulmonology,GA,2024-07-26,720.68,Meal,MedCore Ltd
PHY00088,Cardiology,MI,2025-06-20,97.22,Research Payment,MedCore Ltd
PHY00275,Cardiology,GA,2025-10-08,172.89,Speaker Fee,MedCore Ltd
PHY00423,Rheumatology,PA,2024-09-11,247.11,Research Payment,NovaHealth Inc
PHY00103,Oncology,IL,2025-01-19,386.69,Royalty,MedCore Ltd
PHY00414,Cardiology,MI,2024-09-23,257.1,Royalty,BioGen Solutions
PHY00381,Psychiatry,PA,2025-08-23,293.92,Research Payment,MedCore Ltd
PHY00087,Rheumatology,MI,2024-04-27,765.5,Royalty,MedCore Ltd
PHY00434,Psychiatry,FL,2024-12-24,45.07,Meal,Acme Pharma
PHY00361,Neurology,IL,2025-08-07,137.65,Research Payment,BioGen Solutions
PHY00195,General Practice,CA,2025-08-23,964.29,Research Payment,NovaHealth Inc
PHY00053,Endocrinology,CA,2024-05-21,280.37,Speaker Fee,BioGen Solutions
PHY00223,Rheumatology,MI,2024-09-22,838.98,Royalty,Acme Pharma
PHY00335,Rheumatology,PA,2025-06-04,178.61,Speaker Fee,MedCore Ltd
PHY00140,Cardiology,NY,2024-11-11,253.23,Travel & Lodging,BioGen Solutions
PHY00352,Cardiology,CA,2024-02-22,169.36,Meal,BioGen Solutions
PHY00232,Neurology,MI,2024-07-30,1289.03,Consulting Fee,BioGen Solutions
PHY00015,Psychiatry,OH,2025-11-09,149.83,Research Payment,MedCore Ltd
PHY00121,Psychiatry,IL,2024-08-27,112.64,Travel & Lodging,NovaHealth Inc
PHY00309,Psychiatry,GA,2025-12-27,675.95,Research Payment,Acme Pharma
PHY00093,Oncology,GA,2024-06-29,260.59,Travel & Lodging,NovaHealth Inc
PHY00393,Psychiatry,NY,2024-10-08,290.65,Travel & Lodging,MedCore Ltd
PHY00047,Psychiatry,NC,2024-01-05,337.92,Speaker Fee,MedCore Ltd
PHY00063,Pulmonology,OH,2024-02-13,1046.21,Consulting Fee,NovaHealth Inc
PHY00270,Endocrinology,CA,2025-11-13,210.79,Speaker Fee,MedCore Ltd
PHY00483,Pulmonology,TX,2024-08-01,222.63,Travel & Lodging,NovaHealth Inc
PHY00098,Neurology,PA,2025-10-25,11.38,Meal,BioGen Solutions
PHY00457,Rheumatology,NC,2025-06-05,154.13,Research Payment,NovaHealth Inc
PHY00162,Cardiology,NY,2025-04-21,217.54,Speaker Fee,NovaHealth Inc
PHY00445,Neurology,TX,2025-03-21,646.67,Consulting Fee,Acme Pharma
PHY00318,Cardiology,CA,2025-03-23,829.68,Meal,Acme Pharma
PHY00435,Neurology,GA,2024-07-20,140.4,Meal,MedCore Ltd
PHY00285,Oncology,FL,2024-06-28,482.97,Travel & Lodging,Acme Pharma
PHY00464,Cardiology,MI,2025-02-03,53.25,Meal,Acme Pharma
